playerName,playerPrice,playerPos,playerClub,playerImg
K. Mbappé,11.5,FWD,PAR,https://img.uefa.com/imgml/TP/players/1/2024/75x75/250076574.jpg?v=4.02
E. Haaland,11.5,FWD,MCI,https://img.uefa.com/imgml/TP/players/1/2024/75x75/250103758.jpg?v=4.02
Vinícius Júnior,11,FWD,RMA,https://img.uefa.com/imgml/TP/players/1/2024/75x75/250121533.jpg?v=4.02
R. Lewandowski,10.5,FWD,BAR,https://img.uefa.com/imgml/TP/players/1/2024/75x75/250002096.jpg?v=4.02
A. Griezmann,10.5,FWD,ATM,https://img.uefa.com/imgml/TP/players/1/2024/75x75/250019498.jpg?v=4.02
K. De Bruyne,10.5,MID,MCI,https://img.uefa.com/imgml/TP/players/1/2024/75x75/250008901.jpg?v=4.02
H. Kane,10,FWD,BAY,https://img.uefa.com/imgml/TP/players/1/2024/75x75/250016833.jpg?v=4.02
V. Osimhen,10,FWD,NAP,https://img.uefa.com/imgml/TP/players/1/2024/75x75/250132987.jpg?v=4.02
M. Rashford,10,FWD,MUN,https://img.uefa.com/imgml/TP/players/1/2024/75x75/250088246.jpg?v=4.02
B. Saka,9.5,MID,ARS,https://img.uefa.com/imgml/TP/players/1/2024/75x75/250106939.jpg?v=4.02
Bruno Fernandes,9.5,MID,MUN,https://img.uefa.com/imgml/TP/players/1/2024/75x75/250078886.jpg?v=4.02
Rafael Leão,9.5,FWD,MIL,https://img.uefa.com/imgml/TP/players/1/2024/75x75/250089228.jpg?v=4.02
K. Kvaratskhelia,9.5,MID,NAP,https://img.uefa.com/imgml/TP/players/1/2024/75x75/250101808.jpg?v=4.02
M. Ødegaard,9,MID,ARS,https://img.uefa.com/imgml/TP/players/1/2024/75x75/250081341.jpg?v=4.02
L. Sané,9,MID,BAY,https://img.uefa.com/imgml/TP/players/1/2024/75x75/250063984.jpg?v=4.02
S. Gnabry,9,MID,BAY,https://img.uefa.com/imgml/TP/players/1/2024/75x75/250041770.jpg?v=4.02
L. Martínez,9,FWD,INT,https://img.uefa.com/imgml/TP/players/1/2024/75x75/250118281.jpg?v=4.02
M. Icardi,9,FWD,GAL,https://img.uefa.com/imgml/TP/players/1/2024/75x75/250074434.jpg?v=4.02
Rodrygo,9,FWD,RMA,https://img.uefa.com/imgml/TP/players/1/2024/75x75/250132829.jpg?v=4.02
R. Kolo Muani,9,FWD,PAR,https://img.uefa.com/imgml/TP/players/1/2024/75x75/250146926.jpg?v=4.02
Gonçalo Ramos,9,FWD,PAR,https://img.uefa.com/imgml/TP/players/1/2024/75x75/250116654.jpg?v=4.02
T. Müller,9,FWD,BAY,https://img.uefa.com/imgml/TP/players/1/2024/75x75/250003318.jpg?v=4.02
Raphinha,8.5,FWD,BAR,https://img.uefa.com/imgml/TP/players/1/2024/75x75/250112880.jpg?v=4.02
G. Jesus,8.5,FWD,ARS,https://img.uefa.com/imgml/TP/players/1/2024/75x75/250106649.jpg?v=4.02
J. Musiala,8.5,MID,BAY,https://img.uefa.com/imgml/TP/players/1/2024/75x75/250124430.jpg?v=4.02
L. De Jong,8.5,FWD,PSV,https://img.uefa.com/imgml/TP/players/1/2024/75x75/250005343.jpg?v=4.02
Y. En-Nesyri,8.5,FWD,SEV,https://img.uefa.com/imgml/TP/players/1/2024/75x75/250109210.jpg?v=4.02
Rafa Silva,8.5,FWD,BEN,https://img.uefa.com/imgml/TP/players/1/2024/75x75/250063447.jpg?v=4.02
Bernardo Silva,8.5,MID,MCI,https://img.uefa.com/imgml/TP/players/1/2024/75x75/250059115.jpg?v=4.02
G. Martinelli,8.5,FWD,ARS,https://img.uefa.com/imgml/TP/players/1/2024/75x75/250134304.jpg?v=4.02
João Félix,8,FWD,BAR,https://img.uefa.com/imgml/TP/players/1/2024/75x75/250101463.jpg?v=4.02
İ. Gündoğan,8,MID,BAR,https://img.uefa.com/imgml/TP/players/1/2024/75x75/250005335.jpg?v=4.02
M. Taremi,8,FWD,POR,https://img.uefa.com/imgml/TP/players/1/2024/75x75/250097909.jpg?v=4.02
K. Adeyemi,8,FWD,DOR,https://img.uefa.com/imgml/TP/players/1/2024/75x75/250127347.jpg?v=4.02
Á. Di María,8,FWD,BEN,https://img.uefa.com/imgml/TP/players/1/2024/75x75/1905153.jpg?v=4.02
Ricardo Horta,8,FWD,BRA,https://img.uefa.com/imgml/TP/players/1/2024/75x75/250062142.jpg?v=4.02
O. Dembélé,8,FWD,PAR,https://img.uefa.com/imgml/TP/players/1/2024/75x75/250066886.jpg?v=4.02
P. Foden,8,MID,MCI,https://img.uefa.com/imgml/TP/players/1/2024/75x75/250101534.jpg?v=4.02
João Mário,8,MID,BEN,https://img.uefa.com/imgml/TP/players/1/2024/75x75/250014109.jpg?v=4.02
T. Werner,8,FWD,RBL,https://img.uefa.com/imgml/TP/players/1/2024/75x75/250049183.jpg?v=4.02
O. Giroud,8,FWD,MIL,https://img.uefa.com/imgml/TP/players/1/2024/75x75/250020851.jpg?v=4.02
K. Coman,8,MID,BAY,https://img.uefa.com/imgml/TP/players/1/2024/75x75/250054949.jpg?v=4.02
D. Mertens,8,FWD,GAL,https://img.uefa.com/imgml/TP/players/1/2024/75x75/250019924.jpg?v=4.02
M. Asensio,8,MID,PAR,https://img.uefa.com/imgml/TP/players/1/2024/75x75/250080570.jpg?v=4.02
S. Haller,8,FWD,DOR,https://img.uefa.com/imgml/TP/players/1/2024/75x75/250027043.jpg?v=4.02
N. Okafor,8,MID,MIL,https://img.uefa.com/imgml/TP/players/1/2024/75x75/250101696.jpg?v=4.02
J. Grealish,8,MID,MCI,https://img.uefa.com/imgml/TP/players/1/2024/75x75/250042329.jpg?v=4.02
J. Bellingham,7.5,MID,RMA,https://img.uefa.com/imgml/TP/players/1/2024/75x75/250128377.jpg?v=4.02
L. Trossard,7.5,MID,ARS,https://img.uefa.com/imgml/TP/players/1/2024/75x75/250023009.jpg?v=4.02
L. Ocampos,7.5,FWD,SEV,https://img.uefa.com/imgml/TP/players/1/2024/75x75/250067936.jpg?v=4.02
Bruma,7.5,FWD,BRA,https://img.uefa.com/imgml/TP/players/1/2024/75x75/250014115.jpg?v=4.02
P. Zieliński,7.5,MID,NAP,https://img.uefa.com/imgml/TP/players/1/2024/75x75/250024370.jpg?v=4.02
B. Šeško,7.5,FWD,RBL,https://img.uefa.com/imgml/TP/players/1/2024/75x75/250127111.jpg?v=4.02
W. Zaha,7.5,MID,GAL,https://img.uefa.com/imgml/TP/players/1/2024/75x75/250045867.jpg?v=4.02
Á. Morata,7.5,FWD,ATM,https://img.uefa.com/imgml/TP/players/1/2024/75x75/250024456.jpg?v=4.02
K. Behrens,7.5,FWD,UBE,https://img.uefa.com/imgml/TP/players/1/2024/75x75/250161586.jpg?v=4.02
Joselu,7.5,FWD,RMA,https://img.uefa.com/imgml/TP/players/1/2024/75x75/250005193.jpg?v=4.02
V. Janssen,7.5,FWD,ANT,https://img.uefa.com/imgml/TP/players/1/2024/75x75/250085434.jpg?v=4.02
J. Brandt,7.5,MID,DOR,https://img.uefa.com/imgml/TP/players/1/2024/75x75/250046522.jpg?v=4.02
Johan Bakayoko,7.5,MID,PSV,https://img.uefa.com/imgml/TP/players/1/2024/75x75/250130406.jpg?v=4.02
D. Malen,7.5,FWD,DOR,https://img.uefa.com/imgml/TP/players/1/2024/75x75/250081555.jpg?v=4.02
K. Furuhashi,7.5,FWD,CEL,https://img.uefa.com/imgml/TP/players/1/2024/75x75/250156459.jpg?v=4.02
A. Isak,7.5,FWD,NEW,https://img.uefa.com/imgml/TP/players/1/2024/75x75/250089868.jpg?v=4.02
I. Saibari,7.5,FWD,PSV,https://img.uefa.com/imgml/TP/players/1/2024/75x75/250134320.jpg?v=4.02
L. Openda,7.5,FWD,RBL,https://img.uefa.com/imgml/TP/players/1/2024/75x75/250096954.jpg?v=4.02
E. Forsberg,7.5,MID,RBL,https://img.uefa.com/imgml/TP/players/1/2024/75x75/250013469.jpg?v=4.02
S. Becker,7.5,FWD,UBE,https://img.uefa.com/imgml/TP/players/1/2024/75x75/250064566.jpg?v=4.02
Pizzi,7.5,MID,BRA,https://img.uefa.com/imgml/TP/players/1/2024/75x75/250075765.jpg?v=4.02
E. Choupo-Moting,7.5,FWD,BAY,https://img.uefa.com/imgml/TP/players/1/2024/75x75/1904338.jpg?v=4.02
C. Wilson,7.5,FWD,NEW,https://img.uefa.com/imgml/TP/players/1/2024/75x75/250127450.jpg?v=4.02
N. Füllkrug,7.5,FWD,DOR,https://img.uefa.com/imgml/TP/players/1/2024/75x75/250041844.jpg?v=4.02
M. Reus,7.5,MID,DOR,https://img.uefa.com/imgml/TP/players/1/2024/75x75/250011791.jpg?v=4.02
G. Simeone,7.5,FWD,NAP,https://img.uefa.com/imgml/TP/players/1/2024/75x75/250176138.jpg?v=4.02
D. Neres,7.5,FWD,BEN,https://img.uefa.com/imgml/TP/players/1/2024/75x75/250106648.jpg?v=4.02
Ferran Torres,7.5,FWD,BAR,https://img.uefa.com/imgml/TP/players/1/2024/75x75/250088320.jpg?v=4.02
C. Immobile,7.5,FWD,LAZ,https://img.uefa.com/imgml/TP/players/1/2024/75x75/250005254.jpg?v=4.02
F. Valverde,7.5,MID,RMA,https://img.uefa.com/imgml/TP/players/1/2024/75x75/250101284.jpg?v=4.02
Alexis Sánchez,7.5,FWD,INT,https://img.uefa.com/imgml/TP/players/1/2024/75x75/250003528.jpg?v=4.02
L. Yamal,7.5,MID,BAR,https://img.uefa.com/imgml/TP/players/1/2024/75x75/250176450.jpg?v=4.02
S. Gimenez,7.5,FWD,FEY,https://img.uefa.com/imgml/TP/players/1/2024/75x75/250177879.jpg?v=4.02
Antony,7.5,MID,MUN,https://img.uefa.com/imgml/TP/players/1/2024/75x75/250144211.jpg?v=4.02
Á. Correa,7.5,FWD,ATM,https://img.uefa.com/imgml/TP/players/1/2024/75x75/250086315.jpg?v=4.02
André Silva,7.5,FWD,RSO,https://img.uefa.com/imgml/TP/players/1/2024/75x75/250042521.jpg?v=4.02
G. Raspadori,7.5,FWD,NAP,https://img.uefa.com/imgml/TP/players/1/2024/75x75/250105617.jpg?v=4.02
M. Mount,7.5,MID,MUN,https://img.uefa.com/imgml/TP/players/1/2024/75x75/250076240.jpg?v=4.02
M. Depay,7.5,FWD,ATM,https://img.uefa.com/imgml/TP/players/1/2024/75x75/250024860.jpg?v=4.02
Rafa Mir,7.5,FWD,SEV,https://img.uefa.com/imgml/TP/players/1/2024/75x75/250088335.jpg?v=4.02
L. Abada,7.5,MID,CEL,https://img.uefa.com/imgml/TP/players/1/2024/75x75/250108044.jpg?v=4.02
S. Koita,7.5,FWD,SAL,https://img.uefa.com/imgml/TP/players/1/2024/75x75/250117359.jpg?v=4.02
J. Álvarez,7,FWD,MCI,https://img.uefa.com/imgml/TP/players/1/2024/75x75/250172668.jpg?v=4.02
D. Gonçalves,7,MID,CPH,https://img.uefa.com/imgml/TP/players/1/2024/75x75/250076224.jpg?v=4.02
R. Højlund,7,FWD,MUN,https://img.uefa.com/imgml/TP/players/1/2024/75x75/250130221.jpg?v=4.02
A. Martial,7,FWD,MUN,https://img.uefa.com/imgml/TP/players/1/2024/75x75/250042781.jpg?v=4.02
S. Chukwueze,7,MID,MIL,https://img.uefa.com/imgml/TP/players/1/2024/75x75/250122746.jpg?v=4.02
K. Havertz,7,FWD,ARS,https://img.uefa.com/imgml/TP/players/1/2024/75x75/250087938.jpg?v=4.02
J. Veerman,7,MID,PSV,https://img.uefa.com/imgml/TP/players/1/2024/75x75/250105890.jpg?v=4.02
L. Modrić,7,MID,RMA,https://img.uefa.com/imgml/TP/players/1/2024/75x75/74699.jpg?v=4.02
N. Barella,7,MID,INT,https://img.uefa.com/imgml/TP/players/1/2024/75x75/250066739.jpg?v=4.02
N. Lang,7,FWD,PSV,https://img.uefa.com/imgml/TP/players/1/2024/75x75/250091165.jpg?v=4.02
E. Lamela,7,FWD,SEV,https://img.uefa.com/imgml/TP/players/1/2024/75x75/250038224.jpg?v=4.02
D. Kamada,7,MID,LAZ,https://img.uefa.com/imgml/TP/players/1/2024/75x75/250132313.jpg?v=4.02
M. Merino,7,MID,RSO,https://img.uefa.com/imgml/TP/players/1/2024/75x75/250080572.jpg?v=4.02
Abel Ruiz,7,FWD,BRA,https://img.uefa.com/imgml/TP/players/1/2024/75x75/250087542.jpg?v=4.02
M. Zaccagni,7,FWD,LAZ,https://img.uefa.com/imgml/TP/players/1/2024/75x75/250150875.jpg?v=4.02
C. Itten,7,FWD,YB,https://img.uefa.com/imgml/TP/players/1/2024/75x75/250064273.jpg?v=4.02
F. De Jong,7,MID,BAR,https://img.uefa.com/imgml/TP/players/1/2024/75x75/250084709.jpg?v=4.02
P. Olayinka,7,FWD,ZVE,https://img.uefa.com/imgml/TP/players/1/2024/75x75/250086263.jpg?v=4.02
M. Politano,7,FWD,NAP,https://img.uefa.com/imgml/TP/players/1/2024/75x75/250050381.jpg?v=4.02
M. Almirón,7,MID,NEW,https://img.uefa.com/imgml/TP/players/1/2024/75x75/250109224.jpg?v=4.02
H. Ziyech,7,MID,GAL,https://img.uefa.com/imgml/TP/players/1/2024/75x75/250053191.jpg?v=4.02
H. Mkhitaryan,7,MID,INT,https://img.uefa.com/imgml/TP/players/1/2024/75x75/98023.jpg?v=4.02
C. Pulišić,7,MID,MIL,https://img.uefa.com/imgml/TP/players/1/2024/75x75/250096698.jpg?v=4.02
Álvaro Djaló,7,FWD,BRA,https://img.uefa.com/imgml/TP/players/1/2024/75x75/250139025.jpg?v=4.02
J. Nsame,7,FWD,YB,https://img.uefa.com/imgml/TP/players/1/2024/75x75/250110921.jpg?v=4.02
A. Bondarenko,7,MID,SHK,https://img.uefa.com/imgml/TP/players/1/2024/75x75/250112969.jpg?v=4.02
J. Doku,7,MID,MCI,https://img.uefa.com/imgml/TP/players/1/2024/75x75/250113142.jpg?v=4.02
D. Lukebakio,7,MID,SEV,https://img.uefa.com/imgml/TP/players/1/2024/75x75/250067658.jpg?v=4.02
H. Çalhanoğlu,7,MID,INT,https://img.uefa.com/imgml/TP/players/1/2024/75x75/250022829.jpg?v=4.02
J. Sancho,7,MID,MUN,https://img.uefa.com/imgml/TP/players/1/2024/75x75/250102216.jpg?v=4.02
T. Castellanos,7,FWD,LAZ,https://img.uefa.com/imgml/TP/players/1/2024/75x75/250187694.jpg?v=4.02
D. Olmo,7,MID,RBL,https://img.uefa.com/imgml/TP/players/1/2024/75x75/250081720.jpg?v=4.02
Fernando,7,FWD,SAL,https://img.uefa.com/imgml/TP/players/1/2024/75x75/250121492.jpg?v=4.02
Evanilson,7,FWD,POR,https://img.uefa.com/imgml/TP/players/1/2024/75x75/250145251.jpg?v=4.02
Pedri,7,MID,BAR,https://img.uefa.com/imgml/TP/players/1/2024/75x75/250143693.jpg?v=4.02
Rony Lopes,7,MID,BRA,https://img.uefa.com/imgml/TP/players/1/2024/75x75/250042514.jpg?v=4.02
R. De Paul,7,MID,ATM,https://img.uefa.com/imgml/TP/players/1/2024/75x75/250086037.jpg?v=4.02
L. Jović,7,FWD,MIL,https://img.uefa.com/imgml/TP/players/1/2024/75x75/250058244.jpg?v=4.02
G. Reyna,7,MID,DOR,https://img.uefa.com/imgml/TP/players/1/2024/75x75/250134661.jpg?v=4.02
Galeno,6.5,MID,POR,https://img.uefa.com/imgml/TP/players/1/2024/75x75/250121327.jpg?v=4.02
B. Méndez,6.5,MID,RSO,https://img.uefa.com/imgml/TP/players/1/2024/75x75/250068974.jpg?v=4.02
Rodri,6.5,MID,MCI,https://img.uefa.com/imgml/TP/players/1/2024/75x75/250082664.jpg?v=4.02
M. Elyounoussi,6.5,MID,CPH,https://img.uefa.com/imgml/TP/players/1/2024/75x75/250055967.jpg?v=4.02
Gavi,6.5,MID,BAR,https://img.uefa.com/imgml/TP/players/1/2024/75x75/250139255.jpg?v=4.02
J. Kimmich,6.5,MID,BAY,https://img.uefa.com/imgml/TP/players/1/2024/75x75/250070417.jpg?v=4.02
T. Hernández,6.5,DEF,MIL,https://img.uefa.com/imgml/TP/players/1/2024/75x75/250076126.jpg?v=4.02
I. Rakitić,6.5,MID,SEV,https://img.uefa.com/imgml/TP/players/1/2024/75x75/97744.jpg?v=4.02
X. Simons,6.5,MID,RBL,https://img.uefa.com/imgml/TP/players/1/2024/75x75/250128451.jpg?v=4.02
Bruno Guimarães,6.5,MID,NEW,https://img.uefa.com/imgml/TP/players/1/2024/75x75/250138893.jpg?v=4.02
M. O'Riley,6.5,MID,CEL,https://img.uefa.com/imgml/TP/players/1/2024/75x75/250169725.jpg?v=4.02
Felipe Anderson,6.5,MID,LAZ,https://img.uefa.com/imgml/TP/players/1/2024/75x75/250064178.jpg?v=4.02
L. Goretzka,6.5,MID,BAY,https://img.uefa.com/imgml/TP/players/1/2024/75x75/250041771.jpg?v=4.02
Y. Poulsen,6.5,FWD,RBL,https://img.uefa.com/imgml/TP/players/1/2024/75x75/250022869.jpg?v=4.02
M. Oyarzabal,6.5,FWD,RSO,https://img.uefa.com/imgml/TP/players/1/2024/75x75/250097180.jpg?v=4.02
D. Maeda,6.5,FWD,CEL,https://img.uefa.com/imgml/TP/players/1/2024/75x75/250169706.jpg?v=4.02
T. Kroos,6.5,MID,RMA,https://img.uefa.com/imgml/TP/players/1/2024/75x75/103147.jpg?v=4.02
S. Wahi,6.5,FWD,LEN,https://img.uefa.com/imgml/TP/players/1/2024/75x75/250126805.jpg?v=4.02
J. Larsson,6.5,FWD,CPH,https://img.uefa.com/imgml/TP/players/1/2024/75x75/250090718.jpg?v=4.02
G. Sudakov,6.5,MID,SHK,https://img.uefa.com/imgml/TP/players/1/2024/75x75/250119181.jpg?v=4.02
M. Balikwisha,6.5,FWD,ANT,https://img.uefa.com/imgml/TP/players/1/2024/75x75/250121978.jpg?v=4.02
C. Ndiaye,6.5,FWD,ZVE,https://img.uefa.com/imgml/TP/players/1/2024/75x75/250187238.jpg?v=4.02
M. Arnautovic,6.5,FWD,INT,https://img.uefa.com/imgml/TP/players/1/2024/75x75/1903428.jpg?v=4.02
Fábio Vieira,6.5,MID,ARS,https://img.uefa.com/imgml/TP/players/1/2024/75x75/250113351.jpg?v=4.02
O. Óskarsson,6.5,FWD,CPH,https://img.uefa.com/imgml/TP/players/1/2024/75x75/250129690.jpg?v=4.02
F. Sotoca,6.5,FWD,LEN,https://img.uefa.com/imgml/TP/players/1/2024/75x75/250186121.jpg?v=4.02
A. Garnacho,6.5,MID,MUN,https://img.uefa.com/imgml/TP/players/1/2024/75x75/250135496.jpg?v=4.02
G. Isaksen,6.5,FWD,LAZ,https://img.uefa.com/imgml/TP/players/1/2024/75x75/250101877.jpg?v=4.02
M. Thuram,6.5,MID,INT,https://img.uefa.com/imgml/TP/players/1/2024/75x75/250068805.jpg?v=4.02
Pedro Rodríguez,6.5,MID,LAZ,https://img.uefa.com/imgml/TP/players/1/2024/75x75/250002701.jpg?v=4.02
E. Smith Rowe,6.5,MID,ARS,https://img.uefa.com/imgml/TP/players/1/2024/75x75/250087672.jpg?v=4.02
Baris Alper Yilmaz,6.5,FWD,GAL,https://img.uefa.com/imgml/TP/players/1/2024/75x75/250158929.jpg?v=4.02
Brahim Díaz,6.5,MID,RMA,https://img.uefa.com/imgml/TP/players/1/2024/75x75/250088039.jpg?v=4.02
Y. Vertessen,6.5,FWD,PSV,https://img.uefa.com/imgml/TP/players/1/2024/75x75/250116363.jpg?v=4.02
H. Lozano,6.5,MID,PSV,https://img.uefa.com/imgml/TP/players/1/2024/75x75/250106789.jpg?v=4.02
J. Krasso,6.5,FWD,ZVE,https://img.uefa.com/imgml/TP/players/1/2024/75x75/250186115.jpg?v=4.02
E. Elmas,6.5,MID,NAP,https://img.uefa.com/imgml/TP/players/1/2024/75x75/250091841.jpg?v=4.02
A. Diouf,6.5,MID,LEN,https://img.uefa.com/imgml/TP/players/1/2024/75x75/250136353.jpg?v=4.02
S. Banza,6.5,FWD,BRA,https://img.uefa.com/imgml/TP/players/1/2024/75x75/250177907.jpg?v=4.02
K. Lee,6.5,MID,PAR,https://img.uefa.com/imgml/TP/players/1/2024/75x75/250121584.jpg?v=4.02
Sérgio Oliveira,6.5,MID,GAL,https://img.uefa.com/imgml/TP/players/1/2024/75x75/250003853.jpg?v=4.02
D. Klaassen,6.5,MID,INT,https://img.uefa.com/imgml/TP/players/1/2024/75x75/250013855.jpg?v=4.02
Y. Moukoko,6.5,FWD,DOR,https://img.uefa.com/imgml/TP/players/1/2024/75x75/250134659.jpg?v=4.02
B. Barcola,6.5,FWD,PAR,https://img.uefa.com/imgml/TP/players/1/2024/75x75/250134138.jpg?v=4.02
D. Turnbull,6.5,FWD,CEL,https://img.uefa.com/imgml/TP/players/1/2024/75x75/250141857.jpg?v=4.02
N. Capaldo,6.5,MID,SAL,https://img.uefa.com/imgml/TP/players/1/2024/75x75/250161140.jpg?v=4.02
Joelinton,6.5,MID,NEW,https://img.uefa.com/imgml/TP/players/1/2024/75x75/250086067.jpg?v=4.02
E. Nketiah,6.5,FWD,ARS,https://img.uefa.com/imgml/TP/players/1/2024/75x75/250077451.jpg?v=4.02
L. Traoré,6.5,FWD,SHK,https://gaming.uefa.com/en/uclfantasy/static-assets/ucl2020/images/default_player@2x.png?v=5.4
M. Kaufmann,6.5,FWD,UBE,https://gaming.uefa.com/en/uclfantasy/static-assets/ucl2020/images/default_player@2x.png?v=5.4
T. Lemar,6.5,MID,ATM,https://img.uefa.com/imgml/TP/players/1/2024/75x75/250042778.jpg?v=4.02
A. Ueda,6.5,FWD,FEY,https://img.uefa.com/imgml/TP/players/1/2024/75x75/250181460.jpg?v=4.02
Gonçalo Guedes,6.5,FWD,BEN,https://img.uefa.com/imgml/TP/players/1/2024/75x75/250054760.jpg?v=4.02
Pepê,6.5,FWD,POR,https://img.uefa.com/imgml/TP/players/1/2024/75x75/250159919.jpg?v=4.02
Romário Baró,6.5,MID,POR,https://img.uefa.com/imgml/TP/players/1/2024/75x75/250101440.jpg?v=4.02
G. Kanga,6.5,MID,ZVE,https://img.uefa.com/imgml/TP/players/1/2024/75x75/250056982.jpg?v=4.02
C. Bakambu,6.5,FWD,GAL,https://img.uefa.com/imgml/TP/players/1/2024/75x75/250019497.jpg?v=4.02
C. Soler,6.5,MID,PAR,https://img.uefa.com/imgml/TP/players/1/2024/75x75/250088328.jpg?v=4.02
D. Kryskiv,6.5,MID,SHK,https://img.uefa.com/imgml/TP/players/1/2024/75x75/250112978.jpg?v=4.02
A. Hakimi,6,DEF,PAR,https://img.uefa.com/imgml/TP/players/1/2024/75x75/250088061.jpg?v=4.02
Casemiro,6,MID,MUN,https://img.uefa.com/imgml/TP/players/1/2024/75x75/250057680.jpg?v=4.02
C. Stengs,6,MID,FEY,https://img.uefa.com/imgml/TP/players/1/2024/75x75/250105284.jpg?v=4.02
Vitinha,6,MID,PAR,https://img.uefa.com/imgml/TP/players/1/2024/75x75/250101444.jpg?v=4.02
Roko Šimic,6,FWD,SAL,https://img.uefa.com/imgml/TP/players/1/2024/75x75/250129734.jpg?v=4.02
K. Trippier,6,DEF,NEW,https://img.uefa.com/imgml/TP/players/1/2024/75x75/250000919.jpg?v=4.02
João Cancelo,6,DEF,BAR,https://img.uefa.com/imgml/TP/players/1/2024/75x75/250024746.jpg?v=4.02
O. Bukari,6,MID,ZVE,https://img.uefa.com/imgml/TP/players/1/2024/75x75/250121340.jpg?v=4.02
Gabriel,6,DEF,ARS,https://img.uefa.com/imgml/TP/players/1/2024/75x75/250131901.jpg?v=4.02
A. Balde,6,DEF,BAR,https://img.uefa.com/imgml/TP/players/1/2024/75x75/250135416.jpg?v=4.02
G. Donnarumma,6,GK,PAR,https://img.uefa.com/imgml/TP/players/1/2024/75x75/250078922.jpg?v=4.02
M. Kjærgaard,6,MID,SAL,https://img.uefa.com/imgml/TP/players/1/2024/75x75/250129343.jpg?v=4.02
F. Ugrinic,6,MID,YB,https://img.uefa.com/imgml/TP/players/1/2024/75x75/250110734.jpg?v=4.02
M. Maignan,6,GK,MIL,https://img.uefa.com/imgml/TP/players/1/2024/75x75/250042780.jpg?v=4.02
N. Molina,6,DEF,ATM,https://img.uefa.com/imgml/TP/players/1/2024/75x75/250172673.jpg?v=4.02
M. Elia,6,FWD,YB,https://img.uefa.com/imgml/TP/players/1/2024/75x75/250141610.jpg?v=4.02
K. Kelsy,6,FWD,SHK,https://img.uefa.com/imgml/TP/players/1/2024/75x75/250182327.jpg?v=4.02
Luis Alberto,6,MID,LAZ,https://img.uefa.com/imgml/TP/players/1/2024/75x75/250020654.jpg?v=4.02
A. Jahanbakhsh,6,FWD,FEY,https://img.uefa.com/imgml/TP/players/1/2024/75x75/250070322.jpg?v=4.02
M. Ivanić,6,MID,ZVE,https://img.uefa.com/imgml/TP/players/1/2024/75x75/250052849.jpg?v=4.02
S. Tonali,6,MID,NEW,https://img.uefa.com/imgml/TP/players/1/2024/75x75/250117809.jpg?v=4.02
J. Oblak,6,GK,ATM,https://img.uefa.com/imgml/TP/players/1/2024/75x75/250012069.jpg?v=4.02
R. Nelson,6,FWD,ARS,https://img.uefa.com/imgml/TP/players/1/2024/75x75/250077450.jpg?v=4.02
E. Camavinga,6,MID,RMA,https://img.uefa.com/imgml/TP/players/1/2024/75x75/250128270.jpg?v=4.02
D. Rice,6,MID,ARS,https://img.uefa.com/imgml/TP/players/1/2024/75x75/250083732.jpg?v=4.02
P. Frankowski,6,MID,LEN,https://img.uefa.com/imgml/TP/players/1/2024/75x75/250066342.jpg?v=4.02
Matheus Nunes,6,MID,MCI,https://img.uefa.com/imgml/TP/players/1/2024/75x75/250145803.jpg?v=4.02
J. Murphy,6,MID,NEW,https://img.uefa.com/imgml/TP/players/1/2024/75x75/250109276.jpg?v=4.02
C. Augusto,6,DEF,INT,https://img.uefa.com/imgml/TP/players/1/2024/75x75/250188223.jpg?v=4.02
R. Loftus-Cheek,6,MID,MIL,https://img.uefa.com/imgml/TP/players/1/2024/75x75/250056566.jpg?v=4.02
S. Lino,6,MID,ATM,https://img.uefa.com/imgml/TP/players/1/2024/75x75/250173502.jpg?v=4.02
S. Eustaquio,6,MID,POR,https://img.uefa.com/imgml/TP/players/1/2024/75x75/250116817.jpg?v=4.02
I. Paixão,6,FWD,FEY,https://img.uefa.com/imgml/TP/players/1/2024/75x75/250177886.jpg?v=4.02
O. Kökçü,6,MID,BEN,https://img.uefa.com/imgml/TP/players/1/2024/75x75/250113211.jpg?v=4.02
E. Achouri,6,FWD,CPH,https://img.uefa.com/imgml/TP/players/1/2024/75x75/250132393.jpg?v=4.02
Emre Can,6,MID,DOR,https://img.uefa.com/imgml/TP/players/1/2024/75x75/250017824.jpg?v=4.02
K. Demirbay,6,MID,GAL,https://img.uefa.com/imgml/TP/players/1/2024/75x75/250082943.jpg?v=4.02
Kerem Aktürkoglu,6,MID,GAL,https://img.uefa.com/imgml/TP/players/1/2024/75x75/250146674.jpg?v=4.02
D. Sow,6,MID,SEV,https://img.uefa.com/imgml/TP/players/1/2024/75x75/250065420.jpg?v=4.02
C. McGregor,6,MID,CEL,https://img.uefa.com/imgml/TP/players/1/2024/75x75/250014042.jpg?v=4.02
O. Zubkov,6,MID,SHK,https://img.uefa.com/imgml/TP/players/1/2024/75x75/250064446.jpg?v=4.02
M. Llorente,6,MID,ATM,https://img.uefa.com/imgml/TP/players/1/2024/75x75/250079670.jpg?v=4.02
Ederson,6,GK,MCI,https://img.uefa.com/imgml/TP/players/1/2024/75x75/250073809.jpg?v=4.02
P. Musa,6,FWD,BEN,https://img.uefa.com/imgml/TP/players/1/2024/75x75/250138608.jpg?v=4.02
B. Aaronson,6,MID,UBE,https://img.uefa.com/imgml/TP/players/1/2024/75x75/250153214.jpg?v=4.02
David Fofana,6,FWD,UBE,https://img.uefa.com/imgml/TP/players/1/2024/75x75/250153357.jpg?v=4.02
A. Zambo Anguissa,6,MID,NAP,https://img.uefa.com/imgml/TP/players/1/2024/75x75/250086987.jpg?v=4.02
D. Calabria,6,DEF,MIL,https://img.uefa.com/imgml/TP/players/1/2024/75x75/250058044.jpg?v=4.02
K. Volland,6,FWD,UBE,https://img.uefa.com/imgml/TP/players/1/2024/75x75/250023705.jpg?v=4.02
M. Guilavogui,6,FWD,LEN,https://img.uefa.com/imgml/TP/players/1/2024/75x75/250187060.jpg?v=4.02
T. Ndombele,6,MID,GAL,https://img.uefa.com/imgml/TP/players/1/2024/75x75/250112778.jpg?v=4.02
A. Thomasson,6,MID,LEN,https://img.uefa.com/imgml/TP/players/1/2024/75x75/250132409.jpg?v=4.02
K. Kangwa,6,MID,ZVE,https://img.uefa.com/imgml/TP/players/1/2024/75x75/250174872.jpg?v=4.02
H. Barnes,6,MID,NEW,https://img.uefa.com/imgml/TP/players/1/2024/75x75/250102497.jpg?v=4.02
V. Claesson,6,MID,CPH,https://img.uefa.com/imgml/TP/players/1/2024/75x75/250024171.jpg?v=4.02
C. Baumgartner,6,MID,RBL,https://img.uefa.com/imgml/TP/players/1/2024/75x75/250089289.jpg?v=4.02
U. Sadiq,6,FWD,RSO,https://img.uefa.com/imgml/TP/players/1/2024/75x75/250088136.jpg?v=4.02
P. Ratkov,6,FWD,SAL,https://img.uefa.com/imgml/TP/players/1/2024/75x75/250172594.jpg?v=4.02
C. Eriksen,6,MID,MUN,https://img.uefa.com/imgml/TP/players/1/2024/75x75/1905884.jpg?v=4.02
O. Hyeon-Gyu,6,FWD,CEL,https://img.uefa.com/imgml/TP/players/1/2024/75x75/250181426.jpg?v=4.02
G. Kerk,6,MID,ANT,https://img.uefa.com/imgml/TP/players/1/2024/75x75/250110611.jpg?v=4.02
Suso,6,MID,SEV,https://img.uefa.com/imgml/TP/players/1/2024/75x75/250013897.jpg?v=4.02
A. Onana,6,GK,MUN,https://img.uefa.com/imgml/TP/players/1/2024/75x75/250076171.jpg?v=4.02
R. Pepi,6,FWD,PSV,https://img.uefa.com/imgml/TP/players/1/2024/75x75/250187620.jpg?v=4.02
L. Sučić,6,MID,SAL,https://img.uefa.com/imgml/TP/players/1/2024/75x75/250127293.jpg?v=4.02
A. Davies,6,DEF,BAY,https://img.uefa.com/imgml/TP/players/1/2024/75x75/250128120.jpg?v=4.02
B. Viunnyk,6,FWD,SHK,https://img.uefa.com/imgml/TP/players/1/2024/75x75/250124034.jpg?v=4.02
M. Tillman,6,FWD,PSV,https://img.uefa.com/imgml/TP/players/1/2024/75x75/250123677.jpg?v=4.02
F. Carvalho,6,MID,RBL,https://img.uefa.com/imgml/TP/players/1/2024/75x75/250117502.jpg?v=4.02
M. Neuer,6,GK,BAY,https://img.uefa.com/imgml/TP/players/1/2024/75x75/97923.jpg?v=4.02
Óliver Torres,6,MID,SEV,https://img.uefa.com/imgml/TP/players/1/2024/75x75/250050353.jpg?v=4.02
Vasco Sousa,6,MID,POR,https://img.uefa.com/imgml/TP/players/1/2024/75x75/250128456.jpg?v=4.02
D. Ceballos,6,MID,RMA,https://img.uefa.com/imgml/TP/players/1/2024/75x75/250086709.jpg?v=4.02
B. Turrientes,6,MID,RSO,https://img.uefa.com/imgml/TP/players/1/2024/75x75/250129415.jpg?v=4.02
Toni Martínez,6,FWD,POR,https://img.uefa.com/imgml/TP/players/1/2024/75x75/250068973.jpg?v=4.02
S. Amrabat,6,MID,MUN,https://img.uefa.com/imgml/TP/players/1/2024/75x75/250111362.jpg?v=4.02
G. Til,6,MID,PSV,https://img.uefa.com/imgml/TP/players/1/2024/75x75/250099671.jpg?v=4.02
J. Monteiro,6,FWD,YB,https://img.uefa.com/imgml/TP/players/1/2024/75x75/250157930.jpg?v=4.02
R. Bardghji,6,MID,CPH,https://img.uefa.com/imgml/TP/players/1/2024/75x75/250165617.jpg?v=4.02
J. Willock,6,MID,NEW,https://img.uefa.com/imgml/TP/players/1/2024/75x75/250076081.jpg?v=4.02
M. Kovačić,6,MID,MCI,https://img.uefa.com/imgml/TP/players/1/2024/75x75/250023551.jpg?v=4.02
Y. Musah,6,MID,MIL,https://img.uefa.com/imgml/TP/players/1/2024/75x75/250117511.jpg?v=4.02
Fabián Ruiz,6,MID,PAR,https://img.uefa.com/imgml/TP/players/1/2024/75x75/250115436.jpg?v=4.02
Koke,6,MID,ATM,https://img.uefa.com/imgml/TP/players/1/2024/75x75/1909917.jpg?v=4.02
T. Courtois,6,GK,RMA,https://img.uefa.com/imgml/TP/players/1/2024/75x75/250011668.jpg?v=4.02
A. Cabral,6,FWD,BEN,https://img.uefa.com/imgml/TP/players/1/2024/75x75/250134190.jpg?v=4.02
E. Colley,6,MID,YB,https://img.uefa.com/imgml/TP/players/1/2024/75x75/250132730.jpg?v=4.02
J. Kiwior,6,DEF,ARS,https://img.uefa.com/imgml/TP/players/1/2024/75x75/250105681.jpg?v=4.02
J. Haberer,6,MID,UBE,https://img.uefa.com/imgml/TP/players/1/2024/75x75/250090993.jpg?v=4.02
T. Partey,6,MID,ARS,https://img.uefa.com/imgml/TP/players/1/2024/75x75/250086316.jpg?v=4.02
Fran Navarro,6,FWD,POR,https://img.uefa.com/imgml/TP/players/1/2024/75x75/250079395.jpg?v=4.02
J. Lindstrøm,6,MID,NAP,https://img.uefa.com/imgml/TP/players/1/2024/75x75/250110724.jpg?v=4.02
J. Dilrosun,6,FWD,FEY,https://img.uefa.com/imgml/TP/players/1/2024/75x75/250076594.jpg?v=4.02
A. Katai,6,MID,ZVE,https://img.uefa.com/imgml/TP/players/1/2024/75x75/250029862.jpg?v=4.02
D. Nene,6,FWD,SAL,https://img.uefa.com/imgml/TP/players/1/2024/75x75/250187184.jpg?v=4.02
Tetê,5.5,MID,GAL,https://img.uefa.com/imgml/TP/players/1/2024/75x75/250132526.jpg?v=4.02
G. Di Lorenzo,5.5,DEF,NAP,https://img.uefa.com/imgml/TP/players/1/2024/75x75/250064229.jpg?v=4.02
F. Tomori,5.5,DEF,MIL,https://img.uefa.com/imgml/TP/players/1/2024/75x75/250067630.jpg?v=4.02
X. Schlager,5.5,MID,RBL,https://img.uefa.com/imgml/TP/players/1/2024/75x75/250065408.jpg?v=4.02
Marquinhos,5.5,DEF,PAR,https://img.uefa.com/imgml/TP/players/1/2024/75x75/250064064.jpg?v=4.02
S. Boey,5.5,DEF,GAL,https://img.uefa.com/imgml/TP/players/1/2024/75x75/250136348.jpg?v=4.02
M. Škriniar,5.5,DEF,PAR,https://img.uefa.com/imgml/TP/players/1/2024/75x75/250041563.jpg?v=4.02
W. Saliba,5.5,DEF,ARS,https://img.uefa.com/imgml/TP/players/1/2024/75x75/250127439.jpg?v=4.02
N. Pope,5.5,GK,NEW,https://img.uefa.com/imgml/TP/players/1/2024/75x75/250118266.jpg?v=4.02
A. Rüdiger,5.5,DEF,RMA,https://img.uefa.com/imgml/TP/players/1/2024/75x75/250028211.jpg?v=4.02
D. Alaba,5.5,DEF,RMA,https://img.uefa.com/imgml/TP/players/1/2024/75x75/1906540.jpg?v=4.02
Pablo Barrios,5.5,MID,ATM,https://img.uefa.com/imgml/TP/players/1/2024/75x75/250139036.jpg?v=4.02
A. Fulgini,5.5,MID,LEN,https://img.uefa.com/imgml/TP/players/1/2024/75x75/250057933.jpg?v=4.02
K. Kampl,5.5,MID,RBL,https://img.uefa.com/imgml/TP/players/1/2024/75x75/250014636.jpg?v=4.02
B. White,5.5,DEF,ARS,https://img.uefa.com/imgml/TP/players/1/2024/75x75/250156002.jpg?v=4.02
L. Lerager,5.5,MID,CPH,https://img.uefa.com/imgml/TP/players/1/2024/75x75/250059199.jpg?v=4.02
M. Ter Stegen,5.5,GK,BAR,https://img.uefa.com/imgml/TP/players/1/2024/75x75/250007631.jpg?v=4.02
R. Zalazar,5.5,MID,BRA,https://img.uefa.com/imgml/TP/players/1/2024/75x75/250187727.jpg?v=4.02
M. Tel,5.5,FWD,BAY,https://img.uefa.com/imgml/TP/players/1/2024/75x75/250140936.jpg?v=4.02
M. Ugarte,5.5,MID,PAR,https://img.uefa.com/imgml/TP/players/1/2024/75x75/250161762.jpg?v=4.02
A. Vermeeren,5.5,MID,ANT,https://img.uefa.com/imgml/TP/players/1/2024/75x75/250166930.jpg?v=4.02
K. Laimer,5.5,MID,BAY,https://img.uefa.com/imgml/TP/players/1/2024/75x75/250065413.jpg?v=4.02
S. Longstaff,5.5,MID,NEW,https://img.uefa.com/imgml/TP/players/1/2024/75x75/250186147.jpg?v=4.02
A. Witsel,5.5,MID,ATM,https://img.uefa.com/imgml/TP/players/1/2024/75x75/103335.jpg?v=4.02
A. Tchouameni,5.5,MID,RMA,https://img.uefa.com/imgml/TP/players/1/2024/75x75/250105244.jpg?v=4.02
Saúl Ñíguez,5.5,MID,ATM,https://img.uefa.com/imgml/TP/players/1/2024/75x75/250017725.jpg?v=4.02
N. Schlotterbeck,5.5,DEF,DOR,https://img.uefa.com/imgml/TP/players/1/2024/75x75/250134856.jpg?v=4.02
D. Frattesi,5.5,MID,INT,https://img.uefa.com/imgml/TP/players/1/2024/75x75/250088150.jpg?v=4.02
Diogo Costa,5.5,GK,POR,https://img.uefa.com/imgml/TP/players/1/2024/75x75/250076675.jpg?v=4.02
L. Torreira,5.5,MID,GAL,https://img.uefa.com/imgml/TP/players/1/2024/75x75/250118286.jpg?v=4.02
A. Gordon,5.5,MID,NEW,https://img.uefa.com/imgml/TP/players/1/2024/75x75/250117036.jpg?v=4.02
Rúben Dias,5.5,DEF,MCI,https://img.uefa.com/imgml/TP/players/1/2024/75x75/250058220.jpg?v=4.02
K. Walker,5.5,DEF,MCI,https://img.uefa.com/imgml/TP/players/1/2024/75x75/250010259.jpg?v=4.02
Al Musrati,5.5,MID,BRA,https://img.uefa.com/imgml/TP/players/1/2024/75x75/250132338.jpg?v=4.02
S. Ramos,5.5,DEF,SEV,https://img.uefa.com/imgml/TP/players/1/2024/75x75/93649.jpg?v=4.02
N. Gudelj,5.5,MID,SEV,https://img.uefa.com/imgml/TP/players/1/2024/75x75/1909874.jpg?v=4.02
S. Lobotka,5.5,MID,NAP,https://img.uefa.com/imgml/TP/players/1/2024/75x75/250055982.jpg?v=4.02
R. Krunić,5.5,MID,MIL,https://img.uefa.com/imgml/TP/players/1/2024/75x75/250064252.jpg?v=4.02
B. Pavard,5.5,DEF,INT,https://img.uefa.com/imgml/TP/players/1/2024/75x75/250081921.jpg?v=4.02
Luis Palma,5.5,MID,CEL,https://img.uefa.com/imgml/TP/players/1/2024/75x75/250174602.jpg?v=4.02
A. Muja,5.5,MID,ANT,https://img.uefa.com/imgml/TP/players/1/2024/75x75/250109524.jpg?v=4.02
O. Zinchenko,5.5,DEF,ARS,https://img.uefa.com/imgml/TP/players/1/2024/75x75/250056861.jpg?v=4.02
J. Schouten,5.5,MID,PSV,https://img.uefa.com/imgml/TP/players/1/2024/75x75/250172787.jpg?v=4.02
M. Hermoso,5.5,DEF,ATM,https://img.uefa.com/imgml/TP/players/1/2024/75x75/250063940.jpg?v=4.02
Angeliño,5.5,DEF,GAL,https://img.uefa.com/imgml/TP/players/1/2024/75x75/250064356.jpg?v=4.02
D. Dumfries,5.5,DEF,INT,https://img.uefa.com/imgml/TP/players/1/2024/75x75/250112690.jpg?v=4.02
M. Vecino,5.5,MID,LAZ,https://img.uefa.com/imgml/TP/players/1/2024/75x75/250086300.jpg?v=4.02
T. Reijnders,5.5,MID,MIL,https://img.uefa.com/imgml/TP/players/1/2024/75x75/250121294.jpg?v=4.02
S. McTominay,5.5,MID,MUN,https://img.uefa.com/imgml/TP/players/1/2024/75x75/250088240.jpg?v=4.02
D. Males,5.5,MID,YB,https://img.uefa.com/imgml/TP/players/1/2024/75x75/250132465.jpg?v=4.02
A. Bastoni,5.5,DEF,INT,https://img.uefa.com/imgml/TP/players/1/2024/75x75/250091199.jpg?v=4.02
R. Hatate,5.5,MID,CEL,https://img.uefa.com/imgml/TP/players/1/2024/75x75/250169705.jpg?v=4.02
R. Bensebaini,5.5,DEF,DOR,https://img.uefa.com/imgml/TP/players/1/2024/75x75/250119677.jpg?v=4.02
M. Díaz,5.5,FWD,SEV,https://img.uefa.com/imgml/TP/players/1/2024/75x75/250096713.jpg?v=4.02
J. Bynoe-Gittens,5.5,MID,DOR,https://img.uefa.com/imgml/TP/players/1/2024/75x75/250153402.jpg?v=4.02
Chiquinho,5.5,MID,BEN,https://img.uefa.com/imgml/TP/players/1/2024/75x75/250174839.jpg?v=4.02
M. Sabitzer,5.5,MID,DOR,https://img.uefa.com/imgml/TP/players/1/2024/75x75/250024349.jpg?v=4.02
Tiago Gouveia,5.5,FWD,BEN,https://img.uefa.com/imgml/TP/players/1/2024/75x75/250117890.jpg?v=4.02
Sergi Roberto,5.5,MID,BAR,https://img.uefa.com/imgml/TP/players/1/2024/75x75/250006092.jpg?v=4.02
F. Dimarco,5.5,DEF,INT,https://img.uefa.com/imgml/TP/players/1/2024/75x75/250056189.jpg?v=4.02
Jorginho,5.5,MID,ARS,https://img.uefa.com/imgml/TP/players/1/2024/75x75/250067749.jpg?v=4.02
M. Guendouzi,5.5,MID,LAZ,https://img.uefa.com/imgml/TP/players/1/2024/75x75/250122927.jpg?v=4.02
C. Tengstedt,5.5,FWD,BEN,https://img.uefa.com/imgml/TP/players/1/2024/75x75/250101874.jpg?v=4.02
S. Ganvoula,5.5,FWD,YB,https://img.uefa.com/imgml/TP/players/1/2024/75x75/250112186.jpg?v=4.02
Danilo,5.5,MID,PAR,https://img.uefa.com/imgml/TP/players/1/2024/75x75/250014528.jpg?v=4.02
O. Kashchuk,5.5,MID,SHK,https://img.uefa.com/imgml/TP/players/1/2024/75x75/250092182.jpg?v=4.02
Nuno Mendes,5.5,DEF,PAR,https://img.uefa.com/imgml/TP/players/1/2024/75x75/250136465.jpg?v=4.02
A. Zakharyan,5.5,MID,RSO,https://img.uefa.com/imgml/TP/players/1/2024/75x75/250129880.jpg?v=4.02
P. Kalulu,5.5,DEF,MIL,https://img.uefa.com/imgml/TP/players/1/2024/75x75/250122983.jpg?v=4.02
D. Pereira Da Costa,5.5,MID,LEN,https://img.uefa.com/imgml/TP/players/1/2024/75x75/250172438.jpg?v=4.02
J. Stones,5.5,DEF,MCI,https://img.uefa.com/imgml/TP/players/1/2024/75x75/250064233.jpg?v=4.02
A. Cornelius,5.5,FWD,CPH,https://img.uefa.com/imgml/TP/players/1/2024/75x75/250041664.jpg?v=4.02
L. Shaw,5.5,DEF,MUN,https://img.uefa.com/imgml/TP/players/1/2024/75x75/250042705.jpg?v=4.02
M. Alonso,5.5,DEF,BAR,https://img.uefa.com/imgml/TP/players/1/2024/75x75/250008348.jpg?v=4.02
Ronald Araújo,5.5,DEF,BAR,https://img.uefa.com/imgml/TP/players/1/2024/75x75/250134170.jpg?v=4.02
M. De Ligt,5.5,DEF,BAY,https://img.uefa.com/imgml/TP/players/1/2024/75x75/250081554.jpg?v=4.02
J. Forrest,5.5,MID,CEL,https://img.uefa.com/imgml/TP/players/1/2024/75x75/1909868.jpg?v=4.02
J. Cajuste,5.5,MID,NAP,https://img.uefa.com/imgml/TP/players/1/2024/75x75/250121175.jpg?v=4.02
N. Mazraoui,5.5,DEF,BAY,https://img.uefa.com/imgml/TP/players/1/2024/75x75/250075995.jpg?v=4.02
J. Gvardiol,5.5,DEF,MCI,https://img.uefa.com/imgml/TP/players/1/2024/75x75/250127284.jpg?v=4.02
M. Grujić,5.5,MID,POR,https://img.uefa.com/imgml/TP/players/1/2024/75x75/250055207.jpg?v=4.02
Carlos Fernández,5.5,FWD,RSO,https://img.uefa.com/imgml/TP/players/1/2024/75x75/250067964.jpg?v=4.02
J. Ondrejka,5.5,MID,ANT,https://img.uefa.com/imgml/TP/players/1/2024/75x75/250156701.jpg?v=4.02
André Horta,5.5,MID,BRA,https://img.uefa.com/imgml/TP/players/1/2024/75x75/250080473.jpg?v=4.02
K. Konaté,5.5,FWD,SAL,https://img.uefa.com/imgml/TP/players/1/2024/75x75/250171301.jpg?v=4.02
M. Shved,5.5,MID,SHK,https://img.uefa.com/imgml/TP/players/1/2024/75x75/250082625.jpg?v=4.02
F. Mendy,5.5,DEF,RMA,https://img.uefa.com/imgml/TP/players/1/2024/75x75/250112803.jpg?v=4.02
Arda Güler,5.5,MID,RMA,https://img.uefa.com/imgml/TP/players/1/2024/75x75/250161881.jpg?v=4.02
R. Khedira,5.5,MID,UBE,https://img.uefa.com/imgml/TP/players/1/2024/75x75/250054030.jpg?v=4.02
W. Said,5.5,FWD,LEN,https://img.uefa.com/imgml/TP/players/1/2024/75x75/250047034.jpg?v=4.02
Éder Militão,5.5,DEF,RMA,https://img.uefa.com/imgml/TP/players/1/2024/75x75/250121965.jpg?v=4.02
D. Carvajal,5.5,DEF,RMA,https://img.uefa.com/imgml/TP/players/1/2024/75x75/250024448.jpg?v=4.02
Salih Özcan,5.5,MID,DOR,https://img.uefa.com/imgml/TP/players/1/2024/75x75/250081693.jpg?v=4.02
João Moutinho,5.5,MID,BRA,https://img.uefa.com/imgml/TP/players/1/2024/75x75/70098.jpg?v=4.02
K. Imeri,5.5,MID,YB,https://img.uefa.com/imgml/TP/players/1/2024/75x75/250104939.jpg?v=4.02
Ł. Łakomy,5.5,MID,YB,https://img.uefa.com/imgml/TP/players/1/2024/75x75/250113947.jpg?v=4.02
A. Zerbin,5.5,FWD,NAP,https://img.uefa.com/imgml/TP/players/1/2024/75x75/250112609.jpg?v=4.02
S. Pavlović,5,DEF,SAL,https://img.uefa.com/imgml/TP/players/1/2024/75x75/250115948.jpg?v=4.02
I. Provedel,5,GK,LAZ,https://img.uefa.com/imgml/TP/players/1/2024/75x75/250088946.jpg?v=4.02
L. Hernández,5,DEF,PAR,https://img.uefa.com/imgml/TP/players/1/2024/75x75/250063803.jpg?v=4.02
M. Simakan,5,DEF,RBL,https://img.uefa.com/imgml/TP/players/1/2024/75x75/250132434.jpg?v=4.02
Nacho,5,DEF,RMA,https://img.uefa.com/imgml/TP/players/1/2024/75x75/1900122.jpg?v=4.02
J. Koundé,5,DEF,BAR,https://img.uefa.com/imgml/TP/players/1/2024/75x75/250096309.jpg?v=4.02
O. Gloukh,5,MID,SAL,https://img.uefa.com/imgml/TP/players/1/2024/75x75/250153349.jpg?v=4.02
M. Thiaw,5,DEF,MIL,https://img.uefa.com/imgml/TP/players/1/2024/75x75/250123978.jpg?v=4.02
K. Tierney,5,DEF,RSO,https://img.uefa.com/imgml/TP/players/1/2024/75x75/250067541.jpg?v=4.02
L. Bonucci,5,DEF,UBE,https://img.uefa.com/imgml/TP/players/1/2024/75x75/250017925.jpg?v=4.02
D. Raya,5,GK,ARS,https://img.uefa.com/imgml/TP/players/1/2024/75x75/250171278.jpg?v=4.02
A. Christensen,5,DEF,BAR,https://img.uefa.com/imgml/TP/players/1/2024/75x75/250041718.jpg?v=4.02
Kepa,5,GK,RMA,https://img.uefa.com/imgml/TP/players/1/2024/75x75/250039900.jpg?v=4.02
André Franco,5,MID,POR,https://img.uefa.com/imgml/TP/players/1/2024/75x75/250102294.jpg?v=4.02
Diogo Leite,5,DEF,UBE,https://img.uefa.com/imgml/TP/players/1/2024/75x75/250088075.jpg?v=4.02
F. Medina,5,DEF,LEN,https://img.uefa.com/imgml/TP/players/1/2024/75x75/250186120.jpg?v=4.02
R. Gosens,5,DEF,UBE,https://img.uefa.com/imgml/TP/players/1/2024/75x75/250062606.jpg?v=4.02
M. Hummels,5,DEF,DOR,https://img.uefa.com/imgml/TP/players/1/2024/75x75/106587.jpg?v=4.02
S. Mijailović,5,MID,ZVE,https://img.uefa.com/imgml/TP/players/1/2024/75x75/250014221.jpg?v=4.02
W. Zaïre-Emery,5,MID,PAR,https://img.uefa.com/imgml/TP/players/1/2024/75x75/250153849.jpg?v=4.02
M. Olivera,5,DEF,NAP,https://img.uefa.com/imgml/TP/players/1/2024/75x75/250134196.jpg?v=4.02
Fernando,5,MID,SEV,https://img.uefa.com/imgml/TP/players/1/2024/75x75/250003327.jpg?v=4.02
S. Savić,5,DEF,ATM,https://img.uefa.com/imgml/TP/players/1/2024/75x75/1907998.jpg?v=4.02
F. Rønnow,5,GK,UBE,https://img.uefa.com/imgml/TP/players/1/2024/75x75/250023709.jpg?v=4.02
M. Wieffer,5,MID,FEY,https://img.uefa.com/imgml/TP/players/1/2024/75x75/250177878.jpg?v=4.02
L. Gourna-Douath,5,MID,SAL,https://img.uefa.com/imgml/TP/players/1/2024/75x75/250128398.jpg?v=4.02
D. Doekhi,5,DEF,UBE,https://img.uefa.com/imgml/TP/players/1/2024/75x75/250101715.jpg?v=4.02
Q. Timber,5,MID,FEY,https://img.uefa.com/imgml/TP/players/1/2024/75x75/250101727.jpg?v=4.02
M. Kim,5,DEF,BAY,https://img.uefa.com/imgml/TP/players/1/2024/75x75/250175065.jpg?v=4.02
A. Kral,5,MID,UBE,https://img.uefa.com/imgml/TP/players/1/2024/75x75/250077921.jpg?v=4.02
M. Keita,5,MID,ANT,https://img.uefa.com/imgml/TP/players/1/2024/75x75/250169373.jpg?v=4.02
F. Aursnes,5,MID,BEN,https://img.uefa.com/imgml/TP/players/1/2024/75x75/250061027.jpg?v=4.02
S. De Vrij,5,DEF,INT,https://img.uefa.com/imgml/TP/players/1/2024/75x75/250006229.jpg?v=4.02
F. Nmecha,5,MID,DOR,https://img.uefa.com/imgml/TP/players/1/2024/75x75/250112224.jpg?v=4.02
A. Laïdouni,5,MID,UBE,https://img.uefa.com/imgml/TP/players/1/2024/75x75/250141220.jpg?v=4.02
T. Pobega,5,MID,MIL,https://img.uefa.com/imgml/TP/players/1/2024/75x75/250112117.jpg?v=4.02
M. Zubimendi,5,MID,RSO,https://img.uefa.com/imgml/TP/players/1/2024/75x75/250143679.jpg?v=4.02
J. Juranović,5,DEF,UBE,https://img.uefa.com/imgml/TP/players/1/2024/75x75/250078379.jpg?v=4.02
N. Otamendi,5,DEF,BEN,https://img.uefa.com/imgml/TP/players/1/2024/75x75/250017040.jpg?v=4.02
R. Falk,5,MID,CPH,https://img.uefa.com/imgml/TP/players/1/2024/75x75/250004106.jpg?v=4.02
F. Pellistri,5,MID,MUN,https://img.uefa.com/imgml/TP/players/1/2024/75x75/250147240.jpg?v=4.02
C. Niasse,5,MID,YB,https://img.uefa.com/imgml/TP/players/1/2024/75x75/250132886.jpg?v=4.02
D. Dalot,5,DEF,MUN,https://img.uefa.com/imgml/TP/players/1/2024/75x75/250081628.jpg?v=4.02
A. Bah,5,DEF,BEN,https://img.uefa.com/imgml/TP/players/1/2024/75x75/250145629.jpg?v=4.02
S. Lauper,5,MID,YB,https://img.uefa.com/imgml/TP/players/1/2024/75x75/250085751.jpg?v=4.02
M. Wolf,5,DEF,DOR,https://img.uefa.com/imgml/TP/players/1/2024/75x75/250088942.jpg?v=4.02
L. Tousart,5,MID,UBE,https://img.uefa.com/imgml/TP/players/1/2024/75x75/250081923.jpg?v=4.02
J. Ekkelenkamp,5,MID,ANT,https://img.uefa.com/imgml/TP/players/1/2024/75x75/250101721.jpg?v=4.02
B. Samba,5,GK,LEN,https://img.uefa.com/imgml/TP/players/1/2024/75x75/250059123.jpg?v=4.02
N. Süle,5,DEF,DOR,https://img.uefa.com/imgml/TP/players/1/2024/75x75/250041781.jpg?v=4.02
A. Meret,5,GK,NAP,https://img.uefa.com/imgml/TP/players/1/2024/75x75/250066753.jpg?v=4.02
D. Upamecano,5,DEF,BAY,https://img.uefa.com/imgml/TP/players/1/2024/75x75/250079545.jpg?v=4.02
Vitor Carvalho,5,MID,BRA,https://img.uefa.com/imgml/TP/players/1/2024/75x75/250174903.jpg?v=4.02
S. Abdul Samed,5,MID,LEN,https://img.uefa.com/imgml/TP/players/1/2024/75x75/250181716.jpg?v=4.02
T. Kubo,5,FWD,RSO,https://img.uefa.com/imgml/TP/players/1/2024/75x75/250147279.jpg?v=4.02
Matheus,5,GK,BRA,https://img.uefa.com/imgml/TP/players/1/2024/75x75/250087291.jpg?v=4.02
O. Romeu,5,MID,BAR,https://img.uefa.com/imgml/TP/players/1/2024/75x75/1906768.jpg?v=4.02
José Fonte,5,DEF,BRA,https://img.uefa.com/imgml/TP/players/1/2024/75x75/250187726.jpg?v=4.02
Gonçalo Borges,5,FWD,POR,https://img.uefa.com/imgml/TP/players/1/2024/75x75/250113342.jpg?v=4.02
K. Phillips,5,MID,MCI,https://img.uefa.com/imgml/TP/players/1/2024/75x75/250143242.jpg?v=4.02
P. Jaeckel,5,DEF,UBE,https://img.uefa.com/imgml/TP/players/1/2024/75x75/250088175.jpg?v=4.02
A. Rrahmani,5,DEF,NAP,https://img.uefa.com/imgml/TP/players/1/2024/75x75/250059233.jpg?v=4.02
J. Giménez,5,DEF,ATM,https://img.uefa.com/imgml/TP/players/1/2024/75x75/250063505.jpg?v=4.02
A. Ramalho,5,DEF,PSV,https://img.uefa.com/imgml/TP/players/1/2024/75x75/250030823.jpg?v=4.02
Alhassan Yussuf,5,MID,ANT,https://img.uefa.com/imgml/TP/players/1/2024/75x75/250144506.jpg?v=4.02
D. Cataldi,5,MID,LAZ,https://img.uefa.com/imgml/TP/players/1/2024/75x75/250039679.jpg?v=4.02
G. Kobel,5,GK,DOR,https://img.uefa.com/imgml/TP/players/1/2024/75x75/250069832.jpg?v=4.02
R. Zerrouki,5,MID,FEY,https://img.uefa.com/imgml/TP/players/1/2024/75x75/250174849.jpg?v=4.02
G. Ilenikhena,5,FWD,ANT,https://img.uefa.com/imgml/TP/players/1/2024/75x75/250188225.jpg?v=4.02
M. Akanji,5,DEF,MCI,https://img.uefa.com/imgml/TP/players/1/2024/75x75/250085369.jpg?v=4.02
B. Soumaré,5,MID,SEV,https://img.uefa.com/imgml/TP/players/1/2024/75x75/250087425.jpg?v=4.02
F. Muslera,5,GK,GAL,https://img.uefa.com/imgml/TP/players/1/2024/75x75/1905755.jpg?v=4.02
Adrian Marín,5,DEF,BRA,https://img.uefa.com/imgml/TP/players/1/2024/75x75/250068977.jpg?v=4.02
M. Sportiello,5,GK,MIL,https://img.uefa.com/imgml/TP/players/1/2024/75x75/250082738.jpg?v=4.02
A. Valencia,5,MID,ANT,https://img.uefa.com/imgml/TP/players/1/2024/75x75/250174134.jpg?v=4.02
Jesús Navas,5,DEF,SEV,https://img.uefa.com/imgml/TP/players/1/2024/75x75/69173.jpg?v=4.02
Francisco Conceição,5,FWD,POR,https://img.uefa.com/imgml/TP/players/1/2024/75x75/250117405.jpg?v=4.02
M. Cho,5,FWD,RSO,https://img.uefa.com/imgml/TP/players/1/2024/75x75/250163235.jpg?v=4.02
R. Riquelme,5,MID,ATM,https://img.uefa.com/imgml/TP/players/1/2024/75x75/250101313.jpg?v=4.02
T. Stepanenko,5,MID,SHK,https://img.uefa.com/imgml/TP/players/1/2024/75x75/1902685.jpg?v=4.02
E. Anderson,5,MID,NEW,https://img.uefa.com/imgml/TP/players/1/2024/75x75/250117617.jpg?v=4.02
W. Benitez,5,GK,PSV,https://img.uefa.com/imgml/TP/players/1/2024/75x75/250101144.jpg?v=4.02
D. Sikan,5,FWD,SHK,https://img.uefa.com/imgml/TP/players/1/2024/75x75/250115487.jpg?v=4.02
R. De Laet,5,DEF,ANT,https://img.uefa.com/imgml/TP/players/1/2024/75x75/250012092.jpg?v=4.02
Baran Demiroglu,5,FWD,GAL,https://img.uefa.com/imgml/TP/players/1/2024/75x75/250177189.jpg?v=4.02
K. Asllani,5,MID,INT,https://img.uefa.com/imgml/TP/players/1/2024/75x75/250143669.jpg?v=4.02
P. Marín,5,MID,RSO,https://img.uefa.com/imgml/TP/players/1/2024/75x75/250177917.jpg?v=4.02
L. Martínez,5,DEF,MUN,https://img.uefa.com/imgml/TP/players/1/2024/75x75/250132803.jpg?v=4.02
I. Babadi,5,MID,PSV,https://img.uefa.com/imgml/TP/players/1/2024/75x75/250169763.jpg?v=4.02
K. Babacar,5,FWD,CPH,https://img.uefa.com/imgml/TP/players/1/2024/75x75/250011547.jpg?v=4.02
R. Varane,5,DEF,MUN,https://img.uefa.com/imgml/TP/players/1/2024/75x75/250025891.jpg?v=4.02
A. Ramsdale,5,GK,ARS,https://img.uefa.com/imgml/TP/players/1/2024/75x75/250105912.jpg?v=4.02
Mauro Júnior,5,DEF,PSV,https://img.uefa.com/imgml/TP/players/1/2024/75x75/250122213.jpg?v=4.02
C. Ejuke,5,MID,ANT,https://img.uefa.com/imgml/TP/players/1/2024/75x75/250147325.jpg?v=4.02
A. Wan-Bissaka,5,DEF,MUN,https://img.uefa.com/imgml/TP/players/1/2024/75x75/250123067.jpg?v=4.02
J. Kwaaitaal,5,MID,PSV,https://img.uefa.com/imgml/TP/players/1/2024/75x75/250187772.jpg?v=4.02
D. Jurásek,5,DEF,BEN,https://img.uefa.com/imgml/TP/players/1/2024/75x75/250166772.jpg?v=4.02
J. Teze,5,DEF,PSV,https://img.uefa.com/imgml/TP/players/1/2024/75x75/250088122.jpg?v=4.02
José Rodrigues,5,FWD,BRA,https://img.uefa.com/imgml/TP/players/1/2024/75x75/250169108.jpg?v=4.02
J. Mijatović,5,FWD,ZVE,https://img.uefa.com/imgml/TP/players/1/2024/75x75/250153777.jpg?v=4.02
O. Ocheretko,5,MID,SHK,https://img.uefa.com/imgml/TP/players/1/2024/75x75/250134776.jpg?v=4.02
D. Kameri,5,MID,SAL,https://img.uefa.com/imgml/TP/players/1/2024/75x75/250141023.jpg?v=4.02
K. Navas,5,GK,PAR,https://img.uefa.com/imgml/TP/players/1/2024/75x75/250031037.jpg?v=4.02
S. Kjær,5,DEF,MIL,https://img.uefa.com/imgml/TP/players/1/2024/75x75/108509.jpg?v=4.02
N. El Aynaoui,5,MID,LEN,https://img.uefa.com/imgml/TP/players/1/2024/75x75/250187059.jpg?v=4.02
J. Galán,5,DEF,ATM,https://img.uefa.com/imgml/TP/players/1/2024/75x75/250186923.jpg?v=4.02
E. Michut,5,MID,PAR,https://gaming.uefa.com/en/uclfantasy/static-assets/ucl2020/images/default_player@2x.png?v=5.4
Reinildo,5,DEF,ATM,https://img.uefa.com/imgml/TP/players/1/2024/75x75/250132831.jpg?v=4.02
A. Soussi,5,FWD,ANT,https://img.uefa.com/imgml/TP/players/1/2024/75x75/250162416.jpg?v=4.02
J. Gonzaga,5,FWD,PSV,https://img.uefa.com/imgml/TP/players/1/2024/75x75/250174751.jpg?v=4.02
M. Acuña,5,DEF,SEV,https://img.uefa.com/imgml/TP/players/1/2024/75x75/250111308.jpg?v=4.02
P. Van Hees,5,FWD,ANT,https://img.uefa.com/imgml/TP/players/1/2024/75x75/250147497.jpg?v=4.02
A. Haidara,5,MID,RBL,https://img.uefa.com/imgml/TP/players/1/2024/75x75/250102866.jpg?v=4.02
C. Sørensen,5,DEF,CPH,https://img.uefa.com/imgml/TP/players/1/2024/75x75/250007241.jpg?v=4.02
R. Guerreiro,5,DEF,BAY,https://img.uefa.com/imgml/TP/players/1/2024/75x75/250066156.jpg?v=4.02
A. Alarcon,5,FWD,BAR,https://img.uefa.com/imgml/TP/players/1/2024/75x75/250129963.jpg?v=4.02
J. Bernat,5,DEF,BEN,https://img.uefa.com/imgml/TP/players/1/2024/75x75/250013892.jpg?v=4.02
Paco Esteban,5,FWD,ATM,https://img.uefa.com/imgml/TP/players/1/2024/75x75/250171665.jpg?v=4.02
Kaan Ayhan,5,DEF,GAL,https://img.uefa.com/imgml/TP/players/1/2024/75x75/250023940.jpg?v=4.02
Á. Rodríguez,5,FWD,RMA,https://img.uefa.com/imgml/TP/players/1/2024/75x75/250169301.jpg?v=4.02
J. Bijlow,5,GK,FEY,https://img.uefa.com/imgml/TP/players/1/2024/75x75/250069830.jpg?v=4.02
J. Duranville,5,MID,DOR,https://img.uefa.com/imgml/TP/players/1/2024/75x75/250172227.jpg?v=4.02
F. Rust,5,FWD,FEY,https://img.uefa.com/imgml/TP/players/1/2024/75x75/250172368.jpg?v=4.02
G. Gaetano,5,MID,NAP,https://img.uefa.com/imgml/TP/players/1/2024/75x75/250101412.jpg?v=4.02
R. Knoche,5,DEF,UBE,https://img.uefa.com/imgml/TP/players/1/2024/75x75/250064226.jpg?v=4.02
W. Orbán,5,DEF,RBL,https://img.uefa.com/imgml/TP/players/1/2024/75x75/250051754.jpg?v=4.02
N. Groen,5,FWD,FEY,https://img.uefa.com/imgml/TP/players/1/2024/75x75/250159539.jpg?v=4.02
E. Højlund,5,FWD,CPH,https://img.uefa.com/imgml/TP/players/1/2024/75x75/250166947.jpg?v=4.02
J. Uneken,5,FWD,PSV,https://img.uefa.com/imgml/TP/players/1/2024/75x75/250187770.jpg?v=4.02
J. Cuadrado,5,DEF,INT,https://img.uefa.com/imgml/TP/players/1/2024/75x75/250015966.jpg?v=4.02
V. Bondar,5,DEF,SHK,https://img.uefa.com/imgml/TP/players/1/2024/75x75/250087118.jpg?v=4.02
S. Bamba,5,FWD,DOR,https://img.uefa.com/imgml/TP/players/1/2024/75x75/250134651.jpg?v=4.02
P. Gulácsi,5,GK,RBL,https://img.uefa.com/imgml/TP/players/1/2024/75x75/102420.jpg?v=4.02
B. Hollerbach,5,FWD,UBE,https://gaming.uefa.com/en/uclfantasy/static-assets/ucl2020/images/default_player@2x.png?v=5.4
R. Fernandes,5,FWD,BRA,https://img.uefa.com/imgml/TP/players/1/2024/75x75/250163729.jpg?v=4.02
J. Simons,5,FWD,PSV,https://img.uefa.com/imgml/TP/players/1/2024/75x75/250187787.jpg?v=4.02
Y. Adli,5,MID,MIL,https://img.uefa.com/imgml/TP/players/1/2024/75x75/250101473.jpg?v=4.02
J. Lüthi,5,FWD,YB,https://img.uefa.com/imgml/TP/players/1/2024/75x75/250176177.jpg?v=4.02
D. Rrudhani,5,MID,YB,https://img.uefa.com/imgml/TP/players/1/2024/75x75/250138356.jpg?v=4.02
M. Matviyenko,5,DEF,SHK,https://img.uefa.com/imgml/TP/players/1/2024/75x75/250064444.jpg?v=4.02
J. Slory,5,FWD,FEY,https://img.uefa.com/imgml/TP/players/1/2024/75x75/250159546.jpg?v=4.02
J. Šljivić,5,MID,ZVE,https://img.uefa.com/imgml/TP/players/1/2024/75x75/250154150.jpg?v=4.02
Çağlar Söyüncü,5,DEF,ATM,https://img.uefa.com/imgml/TP/players/1/2024/75x75/250082679.jpg?v=4.02
N. Mantl,5,GK,SAL,https://img.uefa.com/imgml/TP/players/1/2024/75x75/250153323.jpg?v=4.02
L. Badé,5,DEF,SEV,https://img.uefa.com/imgml/TP/players/1/2024/75x75/250161164.jpg?v=4.02
L. Nlavo,5,FWD,BRA,https://img.uefa.com/imgml/TP/players/1/2024/75x75/250169744.jpg?v=4.02
M. Elneny,5,MID,ARS,https://img.uefa.com/imgml/TP/players/1/2024/75x75/250056993.jpg?v=4.02
G. Veron,5,FWD,POR,https://gaming.uefa.com/en/uclfantasy/static-assets/ucl2020/images/default_player@2x.png?v=5.4
Florentino Luís,5,MID,BEN,https://img.uefa.com/imgml/TP/players/1/2024/75x75/250089225.jpg?v=4.02
M. Nassoh,5,MID,PSV,https://img.uefa.com/imgml/TP/players/1/2024/75x75/250148142.jpg?v=4.02
L. Romero,5,FWD,MIL,https://img.uefa.com/imgml/TP/players/1/2024/75x75/250163791.jpg?v=4.02
D. Topalov,5,FWD,SHK,https://img.uefa.com/imgml/TP/players/1/2024/75x75/250081349.jpg?v=4.02
Z. Redmond,5,FWD,FEY,https://img.uefa.com/imgml/TP/players/1/2024/75x75/250180111.jpg?v=4.02
André Castro,5,MID,BRA,https://img.uefa.com/imgml/TP/players/1/2024/75x75/98796.jpg?v=4.02
T. Alderweireld,5,DEF,ANT,https://img.uefa.com/imgml/TP/players/1/2024/75x75/103333.jpg?v=4.02
G. Degallaix,5,FWD,ANT,https://img.uefa.com/imgml/TP/players/1/2024/75x75/250188426.jpg?v=4.02
J. Van Duiven,5,FWD,PSV,https://img.uefa.com/imgml/TP/players/1/2024/75x75/250171170.jpg?v=4.02
P. Aanholt,5,DEF,PSV,https://img.uefa.com/imgml/TP/players/1/2024/75x75/108915.jpg?v=4.02
A. Raihani,5,FWD,ATM,https://img.uefa.com/imgml/TP/players/1/2024/75x75/250176607.jpg?v=4.02
C. Azpilicueta,5,DEF,ATM,https://img.uefa.com/imgml/TP/players/1/2024/75x75/103827.jpg?v=4.02
D. Namaso,5,FWD,POR,https://img.uefa.com/imgml/TP/players/1/2024/75x75/250104093.jpg?v=4.02
J. Jordán,5,MID,SEV,https://img.uefa.com/imgml/TP/players/1/2024/75x75/250086646.jpg?v=4.02
K. Diks,5,DEF,CPH,https://img.uefa.com/imgml/TP/players/1/2024/75x75/250078678.jpg?v=4.02
M. Caldara,5,DEF,MIL,https://img.uefa.com/imgml/TP/players/1/2024/75x75/250090800.jpg?v=4.02
Mário Rui,5,DEF,NAP,https://img.uefa.com/imgml/TP/players/1/2024/75x75/1907928.jpg?v=4.02
S. Tijani,5,MID,SAL,https://gaming.uefa.com/en/uclfantasy/static-assets/ucl2020/images/default_player@2x.png?v=5.4
T. Kaufmann,5,FWD,RBL,https://img.uefa.com/imgml/TP/players/1/2024/75x75/250164042.jpg?v=4.02
P. Kimpembe,5,DEF,PAR,https://img.uefa.com/imgml/TP/players/1/2024/75x75/250064583.jpg?v=4.02
I. Housni,5,FWD,PAR,https://img.uefa.com/imgml/TP/players/1/2024/75x75/250164154.jpg?v=4.02
A. Trubin,5,GK,BEN,https://img.uefa.com/imgml/TP/players/1/2024/75x75/250113444.jpg?v=4.02
J. Bataille,5,DEF,ANT,https://img.uefa.com/imgml/TP/players/1/2024/75x75/250111123.jpg?v=4.02
O. Holm,5,MID,CEL,https://img.uefa.com/imgml/TP/players/1/2024/75x75/250129170.jpg?v=4.02
António Silva,5,DEF,BEN,https://img.uefa.com/imgml/TP/players/1/2024/75x75/250128468.jpg?v=4.02
G. Trauner,4.5,DEF,FEY,https://img.uefa.com/imgml/TP/players/1/2024/75x75/250019573.jpg?v=4.02
A. Terzic,4.5,DEF,SAL,https://img.uefa.com/imgml/TP/players/1/2024/75x75/250089719.jpg?v=4.02
Q. Hartman,4.5,DEF,FEY,https://img.uefa.com/imgml/TP/players/1/2024/75x75/250147956.jpg?v=4.02
D. Burn,4.5,DEF,NEW,https://img.uefa.com/imgml/TP/players/1/2024/75x75/250186141.jpg?v=4.02
A. Schlager,4.5,GK,SAL,https://img.uefa.com/imgml/TP/players/1/2024/75x75/250055899.jpg?v=4.02
B. Henrichs,4.5,DEF,RBL,https://img.uefa.com/imgml/TP/players/1/2024/75x75/250058258.jpg?v=4.02
L. Geertruida,4.5,DEF,FEY,https://img.uefa.com/imgml/TP/players/1/2024/75x75/250104075.jpg?v=4.02
Lucas Vázquez,4.5,DEF,RMA,https://img.uefa.com/imgml/TP/players/1/2024/75x75/250040521.jpg?v=4.02
T. Wellenreuther,4.5,GK,FEY,https://img.uefa.com/imgml/TP/players/1/2024/75x75/250063980.jpg?v=4.02
D. Hancko,4.5,DEF,FEY,https://img.uefa.com/imgml/TP/players/1/2024/75x75/250092668.jpg?v=4.02
A. Dedić,4.5,DEF,SAL,https://img.uefa.com/imgml/TP/players/1/2024/75x75/250126449.jpg?v=4.02
S. Botman,4.5,DEF,NEW,https://img.uefa.com/imgml/TP/players/1/2024/75x75/250101719.jpg?v=4.02
J. Hart,4.5,GK,CEL,https://img.uefa.com/imgml/TP/players/1/2024/75x75/104231.jpg?v=4.02
S. Baidoo,4.5,DEF,SAL,https://img.uefa.com/imgml/TP/players/1/2024/75x75/250139010.jpg?v=4.02
M. Bidstrup,4.5,MID,SAL,https://img.uefa.com/imgml/TP/players/1/2024/75x75/250116067.jpg?v=4.02
D. Raum,4.5,DEF,RBL,https://img.uefa.com/imgml/TP/players/1/2024/75x75/250110361.jpg?v=4.02
O. Glazer,4.5,GK,ZVE,https://img.uefa.com/imgml/TP/players/1/2024/75x75/250080461.jpg?v=4.02
Morato,4.5,DEF,BEN,https://img.uefa.com/imgml/TP/players/1/2024/75x75/250135392.jpg?v=4.02
F. Schär,4.5,DEF,NEW,https://img.uefa.com/imgml/TP/players/1/2024/75x75/250050401.jpg?v=4.02
B. Meling,4.5,DEF,CPH,https://img.uefa.com/imgml/TP/players/1/2024/75x75/250082812.jpg?v=4.02
A. Romagnoli,4.5,DEF,LAZ,https://img.uefa.com/imgml/TP/players/1/2024/75x75/250047045.jpg?v=4.02
Y. Konoplia,4.5,DEF,SHK,https://img.uefa.com/imgml/TP/players/1/2024/75x75/250112974.jpg?v=4.02
R. Le Normand,4.5,DEF,RSO,https://img.uefa.com/imgml/TP/players/1/2024/75x75/250112513.jpg?v=4.02
A. Marušic,4.5,DEF,LAZ,https://img.uefa.com/imgml/TP/players/1/2024/75x75/250081989.jpg?v=4.02
A. Barrenetxea,4.5,MID,RSO,https://img.uefa.com/imgml/TP/players/1/2024/75x75/250128806.jpg?v=4.02
V. Nelsson,4.5,DEF,GAL,https://img.uefa.com/imgml/TP/players/1/2024/75x75/250105821.jpg?v=4.02
João Neves,4.5,MID,BEN,https://img.uefa.com/imgml/TP/players/1/2024/75x75/250164991.jpg?v=4.02
L. Benito,4.5,DEF,YB,https://img.uefa.com/imgml/TP/players/1/2024/75x75/250019346.jpg?v=4.02
G. Taylor,4.5,DEF,CEL,https://img.uefa.com/imgml/TP/players/1/2024/75x75/250112842.jpg?v=4.02
N. Aké,4.5,DEF,MCI,https://img.uefa.com/imgml/TP/players/1/2024/75x75/250027008.jpg?v=4.02
I. Jaime,4.5,MID,POR,https://img.uefa.com/imgml/TP/players/1/2024/75x75/250102736.jpg?v=4.02
N. Miroshi,4.5,FWD,SHK,https://img.uefa.com/imgml/TP/players/1/2024/75x75/250158211.jpg?v=4.02
Pepe,4.5,DEF,POR,https://img.uefa.com/imgml/TP/players/1/2024/75x75/95417.jpg?v=4.02
V. Gómez,4.5,DEF,BRA,https://img.uefa.com/imgml/TP/players/1/2024/75x75/250107061.jpg?v=4.02
L. Østigård,4.5,DEF,NAP,https://img.uefa.com/imgml/TP/players/1/2024/75x75/250091222.jpg?v=4.02
Y. Nazaryna,4.5,MID,SHK,https://img.uefa.com/imgml/TP/players/1/2024/75x75/250123440.jpg?v=4.02
D. Vavro,4.5,DEF,CPH,https://img.uefa.com/imgml/TP/players/1/2024/75x75/250058731.jpg?v=4.02
Castello Lukeba,4.5,DEF,RBL,https://img.uefa.com/imgml/TP/players/1/2024/75x75/250124068.jpg?v=4.02
Abdülkerim Bardakci,4.5,DEF,GAL,https://img.uefa.com/imgml/TP/players/1/2024/75x75/250043129.jpg?v=4.02
J. Gradit,4.5,DEF,LEN,https://img.uefa.com/imgml/TP/players/1/2024/75x75/250007575.jpg?v=4.02
M. Ali Camara,4.5,DEF,YB,https://img.uefa.com/imgml/TP/players/1/2024/75x75/250122187.jpg?v=4.02
Y. Sommer,4.5,GK,INT,https://img.uefa.com/imgml/TP/players/1/2024/75x75/97746.jpg?v=4.02
I. Zubeldia,4.5,DEF,RSO,https://img.uefa.com/imgml/TP/players/1/2024/75x75/250112514.jpg?v=4.02
L. Ivanušec,4.5,MID,FEY,https://img.uefa.com/imgml/TP/players/1/2024/75x75/250098468.jpg?v=4.02
K. Danso,4.5,DEF,LEN,https://img.uefa.com/imgml/TP/players/1/2024/75x75/250081703.jpg?v=4.02
N. Mendy,4.5,MID,LEN,https://img.uefa.com/imgml/TP/players/1/2024/75x75/250007197.jpg?v=4.02
H. Traoré,4.5,DEF,RSO,https://img.uefa.com/imgml/TP/players/1/2024/75x75/250123016.jpg?v=4.02
João Mário,4.5,DEF,POR,https://img.uefa.com/imgml/TP/players/1/2024/75x75/250113343.jpg?v=4.02
K. Grabara,4.5,GK,CPH,https://img.uefa.com/imgml/TP/players/1/2024/75x75/250090273.jpg?v=4.02
S. Janko,4.5,DEF,YB,https://img.uefa.com/imgml/TP/players/1/2024/75x75/250066211.jpg?v=4.02
Cristian Borja,4.5,DEF,BRA,https://img.uefa.com/imgml/TP/players/1/2024/75x75/250128241.jpg?v=4.02
Juan Jesus,4.5,DEF,NAP,https://img.uefa.com/imgml/TP/players/1/2024/75x75/250045594.jpg?v=4.02
A. Dragović,4.5,DEF,ZVE,https://img.uefa.com/imgml/TP/players/1/2024/75x75/1909713.jpg?v=4.02
M. Stamenic,4.5,MID,ZVE,https://img.uefa.com/imgml/TP/players/1/2024/75x75/250162129.jpg?v=4.02
I. Hwang,4.5,MID,ZVE,https://img.uefa.com/imgml/TP/players/1/2024/75x75/250134536.jpg?v=4.02
A. Racioppi,4.5,GK,YB,https://img.uefa.com/imgml/TP/players/1/2024/75x75/250088003.jpg?v=4.02
D. Machado,4.5,DEF,LEN,https://img.uefa.com/imgml/TP/players/1/2024/75x75/250110954.jpg?v=4.02
L. Scales,4.5,DEF,CEL,https://img.uefa.com/imgml/TP/players/1/2024/75x75/250129446.jpg?v=4.02
A. Johnston,4.5,DEF,CEL,https://img.uefa.com/imgml/TP/players/1/2024/75x75/250181680.jpg?v=4.02
J. Sánchez,4.5,DEF,POR,https://img.uefa.com/imgml/TP/players/1/2024/75x75/250090668.jpg?v=4.02
A. Varela,4.5,MID,POR,https://img.uefa.com/imgml/TP/players/1/2024/75x75/250188256.jpg?v=4.02
Sergio Gómez,4.5,DEF,MCI,https://img.uefa.com/imgml/TP/players/1/2024/75x75/250101274.jpg?v=4.02
S. Mitrovic,4.5,MID,ZVE,https://img.uefa.com/imgml/TP/players/1/2024/75x75/250169412.jpg?v=4.02
M. Dmitrović,4.5,GK,SEV,https://img.uefa.com/imgml/TP/players/1/2024/75x75/250005610.jpg?v=4.02
J. Blaswich,4.5,GK,RBL,https://img.uefa.com/imgml/TP/players/1/2024/75x75/250051291.jpg?v=4.02
J. Ryerson,4.5,DEF,DOR,https://img.uefa.com/imgml/TP/players/1/2024/75x75/250092517.jpg?v=4.02
Y. Minteh,4.5,FWD,FEY,https://img.uefa.com/imgml/TP/players/1/2024/75x75/250187219.jpg?v=4.02
Paulo Bernardo,4.5,MID,CEL,https://img.uefa.com/imgml/TP/players/1/2024/75x75/250117406.jpg?v=4.02
T. Iwata,4.5,DEF,CEL,https://img.uefa.com/imgml/TP/players/1/2024/75x75/250186113.jpg?v=4.02
F. Acerbi,4.5,DEF,INT,https://img.uefa.com/imgml/TP/players/1/2024/75x75/250052957.jpg?v=4.02
Fran García,4.5,DEF,RMA,https://img.uefa.com/imgml/TP/players/1/2024/75x75/250091175.jpg?v=4.02
Leo Sauer,4.5,FWD,FEY,https://img.uefa.com/imgml/TP/players/1/2024/75x75/250164450.jpg?v=4.02
L. Pellegrini,4.5,DEF,LAZ,https://img.uefa.com/imgml/TP/players/1/2024/75x75/250088146.jpg?v=4.02
N. Persson,4.5,DEF,YB,https://img.uefa.com/imgml/TP/players/1/2024/75x75/250185952.jpg?v=4.02
S. Niakaté,4.5,DEF,BRA,https://img.uefa.com/imgml/TP/players/1/2024/75x75/250118065.jpg?v=4.02
M. Rodić,4.5,DEF,ZVE,https://img.uefa.com/imgml/TP/players/1/2024/75x75/1906511.jpg?v=4.02
Zaidu,4.5,DEF,POR,https://img.uefa.com/imgml/TP/players/1/2024/75x75/250144327.jpg?v=4.02
O. Solet,4.5,DEF,SAL,https://img.uefa.com/imgml/TP/players/1/2024/75x75/250117377.jpg?v=4.02
V. Lucic,4.5,MID,ZVE,https://img.uefa.com/imgml/TP/players/1/2024/75x75/250174960.jpg?v=4.02
R. Lewis,4.5,DEF,MCI,https://img.uefa.com/imgml/TP/players/1/2024/75x75/250139207.jpg?v=4.02
U. Garcia,4.5,DEF,YB,https://img.uefa.com/imgml/TP/players/1/2024/75x75/250073684.jpg?v=4.02
A. Florenzi,4.5,DEF,MIL,https://img.uefa.com/imgml/TP/players/1/2024/75x75/250026962.jpg?v=4.02
Y. Hyun-Jun,4.5,MID,CEL,https://img.uefa.com/imgml/TP/players/1/2024/75x75/250181428.jpg?v=4.02
J. Butez,4.5,GK,ANT,https://img.uefa.com/imgml/TP/players/1/2024/75x75/250074004.jpg?v=4.02
O. Lingr,4.5,MID,FEY,https://img.uefa.com/imgml/TP/players/1/2024/75x75/250077922.jpg?v=4.02
Wendell,4.5,DEF,POR,https://img.uefa.com/imgml/TP/players/1/2024/75x75/250074376.jpg?v=4.02
Eguinaldo,4.5,FWD,SHK,https://img.uefa.com/imgml/TP/players/1/2024/75x75/250187759.jpg?v=4.02
O. Boscagli,4.5,DEF,PSV,https://img.uefa.com/imgml/TP/players/1/2024/75x75/250068808.jpg?v=4.02
G. Gocholeishvili,4.5,DEF,SHK,https://img.uefa.com/imgml/TP/players/1/2024/75x75/250114145.jpg?v=4.02
O. Wijndal,4.5,DEF,ANT,https://img.uefa.com/imgml/TP/players/1/2024/75x75/250097317.jpg?v=4.02
M. Lazzari,4.5,DEF,LAZ,https://img.uefa.com/imgml/TP/players/1/2024/75x75/250122732.jpg?v=4.02
T. Tomiyasu,4.5,DEF,ARS,https://img.uefa.com/imgml/TP/players/1/2024/75x75/250177964.jpg?v=4.02
Nico González,4.5,MID,POR,https://img.uefa.com/imgml/TP/players/1/2024/75x75/250123952.jpg?v=4.02
K. Piątkowski,4.5,DEF,SAL,https://img.uefa.com/imgml/TP/players/1/2024/75x75/250127492.jpg?v=4.02
A. Kemlein,4.5,MID,UBE,https://img.uefa.com/imgml/TP/players/1/2024/75x75/250177930.jpg?v=4.02
O. Højlund,4.5,MID,CPH,https://img.uefa.com/imgml/TP/players/1/2024/75x75/250166946.jpg?v=4.02
S. Ulreich,4.5,GK,BAY,https://img.uefa.com/imgml/TP/players/1/2024/75x75/1902445.jpg?v=4.02
F. Lopez,4.5,MID,BAR,https://img.uefa.com/imgml/TP/players/1/2024/75x75/250164780.jpg?v=4.02
V. Lindelöf,4.5,DEF,MUN,https://img.uefa.com/imgml/TP/players/1/2024/75x75/250055905.jpg?v=4.02
Y. Rakits'Kyy,4.5,DEF,SHK,https://img.uefa.com/imgml/TP/players/1/2024/75x75/250008930.jpg?v=4.02
Natan,4.5,DEF,NAP,https://img.uefa.com/imgml/TP/players/1/2024/75x75/250187998.jpg?v=4.02
A. Muñoz,4.5,DEF,RSO,https://img.uefa.com/imgml/TP/players/1/2024/75x75/250147203.jpg?v=4.02
A. Garrido,4.5,MID,BAR,https://img.uefa.com/imgml/TP/players/1/2024/75x75/250164776.jpg?v=4.02
A. Bella-Kotchap,4.5,DEF,PSV,https://img.uefa.com/imgml/TP/players/1/2024/75x75/250163289.jpg?v=4.02
E. Jelert,4.5,DEF,CPH,https://img.uefa.com/imgml/TP/players/1/2024/75x75/250159445.jpg?v=4.02
M. Haïdara,4.5,DEF,LEN,https://img.uefa.com/imgml/TP/players/1/2024/75x75/250027780.jpg?v=4.02
V. Lund,4.5,DEF,CPH,https://img.uefa.com/imgml/TP/players/1/2024/75x75/250130224.jpg?v=4.02
S. Dest,4.5,DEF,PSV,https://img.uefa.com/imgml/TP/players/1/2024/75x75/250112998.jpg?v=4.02
T. Abed,4.5,MID,PSV,https://img.uefa.com/imgml/TP/players/1/2024/75x75/250169135.jpg?v=4.02
J. Omoregie,4.5,MID,SAL,https://gaming.uefa.com/en/uclfantasy/static-assets/ucl2020/images/default_player@2x.png?v=5.4
J. Dema,4.5,MID,YB,https://img.uefa.com/imgml/TP/players/1/2024/75x75/250176181.jpg?v=4.02
S. Nhaga,4.5,DEF,PAR,https://gaming.uefa.com/en/uclfantasy/static-assets/ucl2020/images/default_player@2x.png?v=5.4
I. Grbić,4.5,GK,ATM,https://img.uefa.com/imgml/TP/players/1/2024/75x75/250056074.jpg?v=4.02
N. Seiwald,4.5,MID,RBL,https://img.uefa.com/imgml/TP/players/1/2024/75x75/250114167.jpg?v=4.02
N. Mukiele,4.5,DEF,PAR,https://img.uefa.com/imgml/TP/players/1/2024/75x75/250121329.jpg?v=4.02
D. Van Der Heijden,4.5,MID,FEY,https://img.uefa.com/imgml/TP/players/1/2024/75x75/250159548.jpg?v=4.02
Newerton,4.5,MID,SHK,https://img.uefa.com/imgml/TP/players/1/2024/75x75/250187671.jpg?v=4.02
Leandro Morgalla,4.5,DEF,SAL,https://img.uefa.com/imgml/TP/players/1/2024/75x75/250178782.jpg?v=4.02
M. Darmian,4.5,DEF,INT,https://img.uefa.com/imgml/TP/players/1/2024/75x75/103806.jpg?v=4.02
M. Diambou,4.5,MID,SAL,https://img.uefa.com/imgml/TP/players/1/2024/75x75/250161141.jpg?v=4.02
A. Dadie,4.5,MID,RSO,https://img.uefa.com/imgml/TP/players/1/2024/75x75/250163315.jpg?v=4.02
F. Maouassa,4.5,DEF,LEN,https://img.uefa.com/imgml/TP/players/1/2024/75x75/250081666.jpg?v=4.02
P. Dummett,4.5,DEF,NEW,https://img.uefa.com/imgml/TP/players/1/2024/75x75/250006405.jpg?v=4.02
J. Castellanos,4.5,MID,ATM,https://img.uefa.com/imgml/TP/players/1/2024/75x75/250189145.jpg?v=4.02
E. Hysaj,4.5,DEF,LAZ,https://img.uefa.com/imgml/TP/players/1/2024/75x75/250023520.jpg?v=4.02
D. Borges,4.5,MID,YB,https://img.uefa.com/imgml/TP/players/1/2024/75x75/250165104.jpg?v=4.02
T. Jørgensen,4.5,MID,CPH,https://img.uefa.com/imgml/TP/players/1/2024/75x75/250177683.jpg?v=4.02
J. Roussillon,4.5,DEF,UBE,https://img.uefa.com/imgml/TP/players/1/2024/75x75/250029032.jpg?v=4.02
I. Marcano,4.5,DEF,POR,https://img.uefa.com/imgml/TP/players/1/2024/75x75/250003525.jpg?v=4.02
T. Van Den Belt,4.5,MID,FEY,https://img.uefa.com/imgml/TP/players/1/2024/75x75/250187220.jpg?v=4.02
N. Rovella,4.5,MID,LAZ,https://img.uefa.com/imgml/TP/players/1/2024/75x75/250118783.jpg?v=4.02
D. Castillo,4.5,MID,SHK,https://img.uefa.com/imgml/TP/players/1/2024/75x75/250187061.jpg?v=4.02
T. Van Den Heuvel,4.5,MID,PSV,https://img.uefa.com/imgml/TP/players/1/2024/75x75/250171169.jpg?v=4.02
A. Kamara,4.5,MID,DOR,https://img.uefa.com/imgml/TP/players/1/2024/75x75/250135675.jpg?v=4.02
T. Kraaijeveld,4.5,MID,FEY,https://img.uefa.com/imgml/TP/players/1/2024/75x75/250182482.jpg?v=4.02
J. Mendes,4.5,DEF,BRA,https://img.uefa.com/imgml/TP/players/1/2024/75x75/250158935.jpg?v=4.02
T. Land,4.5,MID,PSV,https://img.uefa.com/imgml/TP/players/1/2024/75x75/250180112.jpg?v=4.02
D. Frey,4.5,MID,ATM,https://img.uefa.com/imgml/TP/players/1/2024/75x75/250171921.jpg?v=4.02
Á. Calatrava,4.5,MID,ATM,https://img.uefa.com/imgml/TP/players/1/2024/75x75/250189153.jpg?v=4.02
J. Diaz,4.5,MID,ATM,https://img.uefa.com/imgml/TP/players/1/2024/75x75/250164593.jpg?v=4.02
M. Targett,4.5,DEF,NEW,https://img.uefa.com/imgml/TP/players/1/2024/75x75/250070191.jpg?v=4.02
J. Lascelles,4.5,DEF,NEW,https://img.uefa.com/imgml/TP/players/1/2024/75x75/250028265.jpg?v=4.02
S. El Jebari,4.5,MID,ATM,https://img.uefa.com/imgml/TP/players/1/2024/75x75/250154047.jpg?v=4.02
K. Mainoo,4.5,MID,MUN,https://gaming.uefa.com/en/uclfantasy/static-assets/ucl2020/images/default_player@2x.png?v=5.4
Emir Bars,4.5,MID,PSV,https://img.uefa.com/imgml/TP/players/1/2024/75x75/250166991.jpg?v=4.02
E. Mbappe,4.5,MID,PAR,https://img.uefa.com/imgml/TP/players/1/2024/75x75/250189110.jpg?v=4.02
Fábio Cardoso,4.5,DEF,POR,https://img.uefa.com/imgml/TP/players/1/2024/75x75/250054426.jpg?v=4.02
S. Lammens,4.5,GK,ANT,https://img.uefa.com/imgml/TP/players/1/2024/75x75/250118908.jpg?v=4.02
C. Pahud,4.5,MID,YB,https://img.uefa.com/imgml/TP/players/1/2024/75x75/250165133.jpg?v=4.02
S. Welsh,4.5,DEF,CEL,https://img.uefa.com/imgml/TP/players/1/2024/75x75/250101698.jpg?v=4.02
E. Bitshiabu,4.5,DEF,RBL,https://img.uefa.com/imgml/TP/players/1/2024/75x75/250153851.jpg?v=4.02
C. Chaiwa,4.5,MID,YB,https://img.uefa.com/imgml/TP/players/1/2024/75x75/250174331.jpg?v=4.02
N. Paz,4.5,MID,RMA,https://img.uefa.com/imgml/TP/players/1/2024/75x75/250153621.jpg?v=4.02
João Gonçalves,4.5,MID,BRA,https://img.uefa.com/imgml/TP/players/1/2024/75x75/250165397.jpg?v=4.02
João Victor,4.5,DEF,BEN,https://img.uefa.com/imgml/TP/players/1/2024/75x75/250174837.jpg?v=4.02
G. Zechiel,4.5,MID,FEY,https://img.uefa.com/imgml/TP/players/1/2024/75x75/250178067.jpg?v=4.02
Diego Rodrigues,4.5,MID,BRA,https://img.uefa.com/imgml/TP/players/1/2024/75x75/250170964.jpg?v=4.02
D. Muñoz,4.5,MID,ATM,https://img.uefa.com/imgml/TP/players/1/2024/75x75/250164602.jpg?v=4.02
D. Peretz,4.5,GK,BAY,https://img.uefa.com/imgml/TP/players/1/2024/75x75/250105664.jpg?v=4.02
A. Forson,4.5,MID,SAL,https://img.uefa.com/imgml/TP/players/1/2024/75x75/250182368.jpg?v=4.02
Simon Schierack,4.5,MID,RBL,https://img.uefa.com/imgml/TP/players/1/2024/75x75/250153443.jpg?v=4.02
C. Carter-Vickers,4.5,DEF,CEL,https://img.uefa.com/imgml/TP/players/1/2024/75x75/250094540.jpg?v=4.02
L. Dehl,4.5,MID,UBE,https://img.uefa.com/imgml/TP/players/1/2024/75x75/250161587.jpg?v=4.02
D. Gilbert,4.5,MID,PSV,https://gaming.uefa.com/en/uclfantasy/static-assets/ucl2020/images/default_player@2x.png?v=5.4
A. Sliti,4.5,FWD,FEY,https://img.uefa.com/imgml/TP/players/1/2024/75x75/250180110.jpg?v=4.02
M. Smits,4.5,MID,ANT,https://img.uefa.com/imgml/TP/players/1/2024/75x75/250188419.jpg?v=4.02
M. Horemans,4.5,MID,ANT,https://img.uefa.com/imgml/TP/players/1/2024/75x75/250188421.jpg?v=4.02
S. Guerrero,4.5,MID,ATM,https://img.uefa.com/imgml/TP/players/1/2024/75x75/250189163.jpg?v=4.02
I. Houben,4.5,MID,PSV,https://img.uefa.com/imgml/TP/players/1/2024/75x75/250139065.jpg?v=4.02
Z. Sneijer,4.5,MID,FEY,https://img.uefa.com/imgml/TP/players/1/2024/75x75/250189184.jpg?v=4.02
A. Meyer,4.5,GK,DOR,https://gaming.uefa.com/en/uclfantasy/static-assets/ucl2020/images/default_player@2x.png?v=5.4
Bernardo Folha,4.5,MID,POR,https://img.uefa.com/imgml/TP/players/1/2024/75x75/250135929.jpg?v=4.02
J. Olasagasti,4.5,MID,RSO,https://img.uefa.com/imgml/TP/players/1/2024/75x75/250147530.jpg?v=4.02
A. Obispo,4.5,DEF,PSV,https://img.uefa.com/imgml/TP/players/1/2024/75x75/250088117.jpg?v=4.02
F. Ulutas,4.5,MID,FEY,https://img.uefa.com/imgml/TP/players/1/2024/75x75/250189188.jpg?v=4.02
Efe Akman,4.5,MID,GAL,https://img.uefa.com/imgml/TP/players/1/2024/75x75/250171621.jpg?v=4.02
S. Sambo,4.5,DEF,PSV,https://img.uefa.com/imgml/TP/players/1/2024/75x75/250106755.jpg?v=4.02
J. Gorrotxategi,4.5,MID,RSO,https://img.uefa.com/imgml/TP/players/1/2024/75x75/250177915.jpg?v=4.02
N. Phillips,4.5,DEF,CEL,https://img.uefa.com/imgml/TP/players/1/2024/75x75/150515920.jpg?v=4.02
L. Klostermann,4.5,DEF,RBL,https://img.uefa.com/imgml/TP/players/1/2024/75x75/250058260.jpg?v=4.02
Serdar Saatçı,4.5,DEF,BRA,https://img.uefa.com/imgml/TP/players/1/2024/75x75/250145827.jpg?v=4.02
P. Gollini,4.5,GK,NAP,https://img.uefa.com/imgml/TP/players/1/2024/75x75/250058930.jpg?v=4.02
T. Livramento,4.5,DEF,NEW,https://img.uefa.com/imgml/TP/players/1/2024/75x75/250117508.jpg?v=4.02
Cédric,4.5,DEF,ARS,https://img.uefa.com/imgml/TP/players/1/2024/75x75/1907940.jpg?v=4.02
Iñigo Martínez,4.5,DEF,BAR,https://img.uefa.com/imgml/TP/players/1/2024/75x75/250040471.jpg?v=4.02
D. Sanchez,4.5,DEF,GAL,https://img.uefa.com/imgml/TP/players/1/2024/75x75/250099374.jpg?v=4.02
Gonzalo,4.5,FWD,RMA,https://img.uefa.com/imgml/TP/players/1/2024/75x75/250164226.jpg?v=4.02
L. Hall,4.5,DEF,NEW,https://img.uefa.com/imgml/TP/players/1/2024/75x75/250139204.jpg?v=4.02
C. Ndour,4.5,MID,PAR,https://img.uefa.com/imgml/TP/players/1/2024/75x75/250139232.jpg?v=4.02
M. Mitrovic,4.5,MID,ANT,https://gaming.uefa.com/en/uclfantasy/static-assets/ucl2020/images/default_player@2x.png?v=5.4
T. Nianzou,4.5,DEF,SEV,https://img.uefa.com/imgml/TP/players/1/2024/75x75/250118959.jpg?v=4.02
D. Soumare,4.5,MID,BRA,https://img.uefa.com/imgml/TP/players/1/2024/75x75/250187790.jpg?v=4.02
A. Zanoli,4.5,DEF,NAP,https://img.uefa.com/imgml/TP/players/1/2024/75x75/250124296.jpg?v=4.02
A. Milambo,4.5,MID,FEY,https://img.uefa.com/imgml/TP/players/1/2024/75x75/250159544.jpg?v=4.02
Tiago Sá,4.5,GK,BRA,https://img.uefa.com/imgml/TP/players/1/2024/75x75/250054578.jpg?v=4.02
J. Plug,4.5,DEF,FEY,https://img.uefa.com/imgml/TP/players/1/2024/75x75/250189189.jpg?v=4.02
Altay Bayındır,4.5,GK,MUN,https://img.uefa.com/imgml/TP/players/1/2024/75x75/250107375.jpg?v=4.02
N. Boilesen,4.5,DEF,CPH,https://img.uefa.com/imgml/TP/players/1/2024/75x75/1905874.jpg?v=4.02
A. Rais,4.5,MID,FEY,https://img.uefa.com/imgml/TP/players/1/2024/75x75/250189190.jpg?v=4.02
W. Clem,4.5,MID,CPH,https://img.uefa.com/imgml/TP/players/1/2024/75x75/250169615.jpg?v=4.02
N. Sahsah,4.5,MID,CPH,https://img.uefa.com/imgml/TP/players/1/2024/75x75/250167071.jpg?v=4.02
A. Ralston,4.5,DEF,CEL,https://img.uefa.com/imgml/TP/players/1/2024/75x75/250096737.jpg?v=4.02
N. Milunović,4.5,DEF,ZVE,https://img.uefa.com/imgml/TP/players/1/2024/75x75/250001842.jpg?v=4.02
Aitor Gismera,4.5,MID,ATM,https://img.uefa.com/imgml/TP/players/1/2024/75x75/250135497.jpg?v=4.02
N. Courtens,4.5,MID,ANT,https://img.uefa.com/imgml/TP/players/1/2024/75x75/250172224.jpg?v=4.02
N. Casale,4.5,DEF,LAZ,https://img.uefa.com/imgml/TP/players/1/2024/75x75/250138626.jpg?v=4.02
Hamza Akman,4.5,MID,GAL,https://img.uefa.com/imgml/TP/players/1/2024/75x75/250139339.jpg?v=4.02
D. Rambocus,4.5,MID,FEY,https://img.uefa.com/imgml/TP/players/1/2024/75x75/250189186.jpg?v=4.02
A. Elustondo,4.5,DEF,RSO,https://img.uefa.com/imgml/TP/players/1/2024/75x75/250074621.jpg?v=4.02
U. Kabic,4.5,FWD,ZVE,https://img.uefa.com/imgml/TP/players/1/2024/75x75/250187130.jpg?v=4.02
F. Sylla,4.5,MID,LEN,https://img.uefa.com/imgml/TP/players/1/2024/75x75/250181126.jpg?v=4.02
H. Maguire,4.5,DEF,MUN,https://img.uefa.com/imgml/TP/players/1/2024/75x75/250075007.jpg?v=4.02
S. Coulibaly,4.5,DEF,ANT,https://img.uefa.com/imgml/TP/players/1/2024/75x75/250135672.jpg?v=4.02
A. Hlushchenko,4.5,MID,SHK,https://img.uefa.com/imgml/TP/players/1/2024/75x75/250154361.jpg?v=4.02
A. Zaânan,4.5,MID,ANT,https://img.uefa.com/imgml/TP/players/1/2024/75x75/250188424.jpg?v=4.02
A. Maksimovic,4.5,FWD,ZVE,https://img.uefa.com/imgml/TP/players/1/2024/75x75/250177722.jpg?v=4.02
M. Kleijn,4.5,DEF,FEY,https://img.uefa.com/imgml/TP/players/1/2024/75x75/250159543.jpg?v=4.02
W. Osawe,4.5,MID,RBL,https://img.uefa.com/imgml/TP/players/1/2024/75x75/250176270.jpg?v=4.02
F. Lustenberger,4.5,DEF,YB,https://img.uefa.com/imgml/TP/players/1/2024/75x75/1905562.jpg?v=4.02
A. Niño,4.5,MID,ATM,https://img.uefa.com/imgml/TP/players/1/2024/75x75/250154054.jpg?v=4.02
M. Tanlongo,4.5,MID,CPH,https://img.uefa.com/imgml/TP/players/1/2024/75x75/250182333.jpg?v=4.02
S. Van Persie,4.5,FWD,FEY,https://img.uefa.com/imgml/TP/players/1/2024/75x75/250183765.jpg?v=4.02
A. Lunin,4.5,GK,RMA,https://img.uefa.com/imgml/TP/players/1/2024/75x75/250089824.jpg?v=4.02
A. Lebarbier,4.5,MID,RSO,https://img.uefa.com/imgml/TP/players/1/2024/75x75/250187655.jpg?v=4.02
L. Johanns,4.5,MID,RBL,https://img.uefa.com/imgml/TP/players/1/2024/75x75/250176274.jpg?v=4.02
B. Engels,4.5,DEF,ANT,https://img.uefa.com/imgml/TP/players/1/2024/75x75/250043858.jpg?v=4.02
M. Dúbravka,4.5,GK,NEW,https://img.uefa.com/imgml/TP/players/1/2024/75x75/1904029.jpg?v=4.02
S. Ortega,4.5,GK,MCI,https://img.uefa.com/imgml/TP/players/1/2024/75x75/250028705.jpg?v=4.02
C. Trimmel,4.5,DEF,UBE,https://img.uefa.com/imgml/TP/players/1/2024/75x75/250010552.jpg?v=4.02
F. Gattoni,4.5,DEF,SEV,https://img.uefa.com/imgml/TP/players/1/2024/75x75/250186151.jpg?v=4.02
K. Toirov,4.5,MID,SHK,https://gaming.uefa.com/en/uclfantasy/static-assets/ucl2020/images/default_player@2x.png?v=5.4
T. Malacia,4.5,DEF,MUN,https://img.uefa.com/imgml/TP/players/1/2024/75x75/250091161.jpg?v=4.02
C. Caden,4.5,MID,RBL,https://gaming.uefa.com/en/uclfantasy/static-assets/ucl2020/images/default_player@2x.png?v=5.4
M. Lotka,4.5,GK,DOR,https://img.uefa.com/imgml/TP/players/1/2024/75x75/250109378.jpg?v=4.02
E. Maluvunu,4.5,MID,YB,https://img.uefa.com/imgml/TP/players/1/2024/75x75/250165118.jpg?v=4.02
Y. Bisseck,4.5,DEF,INT,https://img.uefa.com/imgml/TP/players/1/2024/75x75/250116951.jpg?v=4.02
J. Magunacelaya,4.5,MID,RSO,https://img.uefa.com/imgml/TP/players/1/2024/75x75/250163316.jpg?v=4.02
Paulo Oliveira,4.5,DEF,BRA,https://img.uefa.com/imgml/TP/players/1/2024/75x75/250024341.jpg?v=4.02
Baran Aksaka,4.5,MID,GAL,https://img.uefa.com/imgml/TP/players/1/2024/75x75/250177200.jpg?v=4.02
A. Ulmer,4.5,DEF,SAL,https://img.uefa.com/imgml/TP/players/1/2024/75x75/101177.jpg?v=4.02
L. Blum,4.5,DEF,YB,https://img.uefa.com/imgml/TP/players/1/2024/75x75/250124169.jpg?v=4.02
Gustaf Lagerbielke,4.5,DEF,CEL,https://img.uefa.com/imgml/TP/players/1/2024/75x75/250110983.jpg?v=4.02
A. Pedrosa,4,DEF,SEV,https://img.uefa.com/imgml/TP/players/1/2024/75x75/250132179.jpg?v=4.02
A. Amenda,4,DEF,YB,https://img.uefa.com/imgml/TP/players/1/2024/75x75/250135303.jpg?v=4.02
D. Riznyk,4,GK,SHK,https://img.uefa.com/imgml/TP/players/1/2024/75x75/250121017.jpg?v=4.02
Patric,4,DEF,LAZ,https://img.uefa.com/imgml/TP/players/1/2024/75x75/250065837.jpg?v=4.02
A. Remiro,4,GK,RSO,https://img.uefa.com/imgml/TP/players/1/2024/75x75/250066244.jpg?v=4.02
David Carmo,4,DEF,POR,https://img.uefa.com/imgml/TP/players/1/2024/75x75/250117455.jpg?v=4.02
S. Lemkin,4,DEF,SHK,https://img.uefa.com/imgml/TP/players/1/2024/75x75/250169127.jpg?v=4.02
Nasser Djiga,4,DEF,ZVE,https://img.uefa.com/imgml/TP/players/1/2024/75x75/250158476.jpg?v=4.02
J. Pacheco,4,DEF,RSO,https://img.uefa.com/imgml/TP/players/1/2024/75x75/250118766.jpg?v=4.02
M. Degenek,4,DEF,ZVE,https://img.uefa.com/imgml/TP/players/1/2024/75x75/250056008.jpg?v=4.02
I. Azarov,4,DEF,SHK,https://img.uefa.com/imgml/TP/players/1/2024/75x75/250108031.jpg?v=4.02
Á. Odriozola,4,DEF,RSO,https://img.uefa.com/imgml/TP/players/1/2024/75x75/250064469.jpg?v=4.02
C. Lenz,4,DEF,RBL,https://img.uefa.com/imgml/TP/players/1/2024/75x75/250055958.jpg?v=4.02
D. Chygrynskiy,4,DEF,SHK,https://img.uefa.com/imgml/TP/players/1/2024/75x75/68335.jpg?v=4.02
Milan Hokke,4,DEF,FEY,https://img.uefa.com/imgml/TP/players/1/2024/75x75/250159542.jpg?v=4.02
B. Sarr,4,DEF,BAY,https://img.uefa.com/imgml/TP/players/1/2024/75x75/250086985.jpg?v=4.02
N. Devalckeneer,4,GK,ANT,https://img.uefa.com/imgml/TP/players/1/2024/75x75/250174538.jpg?v=4.02
E. Astigarraga,4,DEF,RSO,https://img.uefa.com/imgml/TP/players/1/2024/75x75/250187305.jpg?v=4.02
K. Nedeljkovic,4,DEF,ZVE,https://img.uefa.com/imgml/TP/players/1/2024/75x75/250164008.jpg?v=4.02
L. Semic,4,DEF,DOR,https://img.uefa.com/imgml/TP/players/1/2024/75x75/250134648.jpg?v=4.02
E. Audero,4,GK,INT,https://img.uefa.com/imgml/TP/players/1/2024/75x75/250058117.jpg?v=4.02
Kazimcan Karatas,4,DEF,GAL,https://img.uefa.com/imgml/TP/players/1/2024/75x75/250169222.jpg?v=4.02
Diogo Fonseca,4,DEF,BRA,https://img.uefa.com/imgml/TP/players/1/2024/75x75/250165396.jpg?v=4.02
Y. Gil Y Muinos,4,DEF,PSV,https://img.uefa.com/imgml/TP/players/1/2024/75x75/250187775.jpg?v=4.02
Mario Martín,4,MID,RMA,https://img.uefa.com/imgml/TP/players/1/2024/75x75/250168870.jpg?v=4.02
L. Karius,4,GK,NEW,https://img.uefa.com/imgml/TP/players/1/2024/75x75/250014327.jpg?v=4.02
Mario Gila,4,DEF,LAZ,https://img.uefa.com/imgml/TP/players/1/2024/75x75/250125051.jpg?v=4.02
Z. Van Den Bosch,4,DEF,ANT,https://img.uefa.com/imgml/TP/players/1/2024/75x75/250147496.jpg?v=4.02
Unai Marrero,4,GK,RSO,https://img.uefa.com/imgml/TP/players/1/2024/75x75/250154323.jpg?v=4.02
A. Pastor,4,GK,SEV,https://gaming.uefa.com/en/uclfantasy/static-assets/ucl2020/images/default_player@2x.png?v=5.4
L. Horníček,4,GK,BRA,https://img.uefa.com/imgml/TP/players/1/2024/75x75/250127047.jpg?v=4.02
Tomás Marques,4,DEF,BRA,https://img.uefa.com/imgml/TP/players/1/2024/75x75/250187852.jpg?v=4.02
D. Dessoleil,4,DEF,ANT,https://img.uefa.com/imgml/TP/players/1/2024/75x75/250084885.jpg?v=4.02
M. Jimenez,4,MID,PSV,https://img.uefa.com/imgml/TP/players/1/2024/75x75/250128443.jpg?v=4.02
S. Crnovrsanin,4,DEF,YB,https://img.uefa.com/imgml/TP/players/1/2024/75x75/250135305.jpg?v=4.02
Ali Turap Bülbül,4,DEF,GAL,https://img.uefa.com/imgml/TP/players/1/2024/75x75/250166989.jpg?v=4.02
T. Sander,4,GK,CPH,https://img.uefa.com/imgml/TP/players/1/2024/75x75/250167073.jpg?v=4.02
T. Smolenaars,4,GK,PSV,https://img.uefa.com/imgml/TP/players/1/2024/75x75/250187771.jpg?v=4.02
Miguel Vilela,4,DEF,BRA,https://img.uefa.com/imgml/TP/players/1/2024/75x75/250139022.jpg?v=4.02
K. Corbanie,4,DEF,ANT,https://img.uefa.com/imgml/TP/players/1/2024/75x75/250188224.jpg?v=4.02
R. Tytens,4,DEF,PSV,https://img.uefa.com/imgml/TP/players/1/2024/75x75/250182164.jpg?v=4.02
J. Martín,4,DEF,RSO,https://img.uefa.com/imgml/TP/players/1/2024/75x75/250179704.jpg?v=4.02
N. Contini,4,GK,NAP,https://img.uefa.com/imgml/TP/players/1/2024/75x75/250064393.jpg?v=4.02
M. Keller,4,GK,YB,https://img.uefa.com/imgml/TP/players/1/2024/75x75/250138250.jpg?v=4.02
K. Peersman,4,GK,PSV,https://img.uefa.com/imgml/TP/players/1/2024/75x75/250148143.jpg?v=4.02
T. Murith,4,DEF,YB,https://img.uefa.com/imgml/TP/players/1/2024/75x75/250165126.jpg?v=4.02
M. Berger,4,GK,FEY,https://img.uefa.com/imgml/TP/players/1/2024/75x75/250178085.jpg?v=4.02
Y. Stein,4,GK,UBE,https://img.uefa.com/imgml/TP/players/1/2024/75x75/250161602.jpg?v=4.02
A. Bernabei,4,DEF,CEL,https://img.uefa.com/imgml/TP/players/1/2024/75x75/250173900.jpg?v=4.02
F. González,4,GK,RMA,https://img.uefa.com/imgml/TP/players/1/2024/75x75/250176532.jpg?v=4.02
T. Puzankov,4,GK,SHK,https://img.uefa.com/imgml/TP/players/1/2024/75x75/250130270.jpg?v=4.02
S. Esquivel,4,GK,ATM,https://img.uefa.com/imgml/TP/players/1/2024/75x75/250164595.jpg?v=4.02
J. Krumrey,4,GK,SAL,https://img.uefa.com/imgml/TP/players/1/2024/75x75/250139013.jpg?v=4.02
D. Von Ballmoos,4,GK,YB,https://img.uefa.com/imgml/TP/players/1/2024/75x75/250052744.jpg?v=4.02
H. Blank,4,DEF,DOR,https://img.uefa.com/imgml/TP/players/1/2024/75x75/250154302.jpg?v=4.02
Atakan Ordu,4,GK,GAL,https://img.uefa.com/imgml/TP/players/1/2024/75x75/250177190.jpg?v=4.02
Iñaki Peña,4,GK,BAR,https://gaming.uefa.com/en/uclfantasy/static-assets/ucl2020/images/default_player@2x.png?v=5.4
Emin Bayram,4,DEF,GAL,https://img.uefa.com/imgml/TP/players/1/2024/75x75/250129569.jpg?v=4.02
André Gomes,4,GK,BEN,https://img.uefa.com/imgml/TP/players/1/2024/75x75/250164989.jpg?v=4.02
A. Schwolow,4,GK,UBE,https://img.uefa.com/imgml/TP/players/1/2024/75x75/250028212.jpg?v=4.02
S. Reguilón,4,DEF,MUN,https://img.uefa.com/imgml/TP/players/1/2024/75x75/250076708.jpg?v=4.02
Samuel Soares,4,GK,BEN,https://img.uefa.com/imgml/TP/players/1/2024/75x75/250117408.jpg?v=4.02
E. Van De Blaak,4,DEF,PSV,https://img.uefa.com/imgml/TP/players/1/2024/75x75/250174752.jpg?v=4.02
Nikola Vasiljevic,4,GK,ZVE,https://img.uefa.com/imgml/TP/players/1/2024/75x75/250123457.jpg?v=4.02
L. Gardenier,4,DEF,FEY,https://img.uefa.com/imgml/TP/players/1/2024/75x75/250182476.jpg?v=4.02
B. Waterman,4,GK,PSV,https://img.uefa.com/imgml/TP/players/1/2024/75x75/52563.jpg?v=4.02
E. Geerts,4,MID,PSV,https://img.uefa.com/imgml/TP/players/1/2024/75x75/250170822.jpg?v=4.02
P. Ankersen,4,DEF,CPH,https://img.uefa.com/imgml/TP/players/1/2024/75x75/250020385.jpg?v=4.02
D. Piñeiro,4,GK,RMA,https://img.uefa.com/imgml/TP/players/1/2024/75x75/250153622.jpg?v=4.02
Alvaro Carrillo,4,DEF,RMA,https://img.uefa.com/imgml/TP/players/1/2024/75x75/250126911.jpg?v=4.02
Lino Sousa,4,GK,ARS,https://img.uefa.com/imgml/TP/players/1/2024/75x75/250182365.jpg?v=4.02
Chissumba,4,DEF,BRA,https://img.uefa.com/imgml/TP/players/1/2024/75x75/250187854.jpg?v=4.02
S. Elmazhad,4,DEF,ANT,https://img.uefa.com/imgml/TP/players/1/2024/75x75/250188422.jpg?v=4.02
D. Guindo,4,DEF,SAL,https://img.uefa.com/imgml/TP/players/1/2024/75x75/250161142.jpg?v=4.02
S. Carson,4,GK,MCI,https://img.uefa.com/imgml/TP/players/1/2024/75x75/69178.jpg?v=4.02
Gonçalo Ribeiro,4,GK,POR,https://img.uefa.com/imgml/TP/players/1/2024/75x75/250169106.jpg?v=4.02
T. Buchmann,4,DEF,BAY,https://img.uefa.com/imgml/TP/players/1/2024/75x75/250153538.jpg?v=4.02
L. Kokubo,4,GK,BEN,https://img.uefa.com/imgml/TP/players/1/2024/75x75/250128320.jpg?v=4.02
J. Candelaria,4,DEF,FEY,https://img.uefa.com/imgml/TP/players/1/2024/75x75/250139059.jpg?v=4.02
Jankat Yilmaz,4,GK,GAL,https://img.uefa.com/imgml/TP/players/1/2024/75x75/250139356.jpg?v=4.02
J. Díaz,4,DEF,ATM,https://img.uefa.com/imgml/TP/players/1/2024/75x75/250171664.jpg?v=4.02
T. Köhler,4,DEF,RBL,https://img.uefa.com/imgml/TP/players/1/2024/75x75/250165759.jpg?v=4.02
L. Hennig,4,DEF,RBL,https://img.uefa.com/imgml/TP/players/1/2024/75x75/250176276.jpg?v=4.02
R. Di Gennaro,4,GK,INT,https://img.uefa.com/imgml/TP/players/1/2024/75x75/250017814.jpg?v=4.02
L. Zbinden,4,GK,YB,https://img.uefa.com/imgml/TP/players/1/2024/75x75/250124196.jpg?v=4.02
T. Meyer,4,DEF,RBL,https://img.uefa.com/imgml/TP/players/1/2024/75x75/250153438.jpg?v=4.02
Alejandro Iturbe,4,DEF,ATM,https://img.uefa.com/imgml/TP/players/1/2024/75x75/250123714.jpg?v=4.02
A. Mirante,4,GK,MIL,https://img.uefa.com/imgml/TP/players/1/2024/75x75/63838.jpg?v=4.02
Marvel,4,DEF,RMA,https://img.uefa.com/imgml/TP/players/1/2024/75x75/250164223.jpg?v=4.02
T. Heaton,4,GK,MUN,https://img.uefa.com/imgml/TP/players/1/2024/75x75/69582.jpg?v=4.02
H. Idasiak,4,GK,NAP,https://img.uefa.com/imgml/TP/players/1/2024/75x75/250124307.jpg?v=4.02
D. Murray,4,DEF,CEL,https://gaming.uefa.com/en/uclfantasy/static-assets/ucl2020/images/default_player@2x.png?v=5.4
Danylo Udod,4,DEF,SHK,https://img.uefa.com/imgml/TP/players/1/2024/75x75/250134780.jpg?v=4.02
E. Kozik,4,DEF,SHK,https://img.uefa.com/imgml/TP/players/1/2024/75x75/250130264.jpg?v=4.02
S. Ostrzinski,4,GK,DOR,https://img.uefa.com/imgml/TP/players/1/2024/75x75/250153408.jpg?v=4.02
K. Lamprou,4,GK,FEY,https://img.uefa.com/imgml/TP/players/1/2024/75x75/1907817.jpg?v=4.02
A. Letellier,4,GK,PAR,https://img.uefa.com/imgml/TP/players/1/2024/75x75/250025058.jpg?v=4.02
A. Rudko,4,GK,SHK,https://img.uefa.com/imgml/TP/players/1/2024/75x75/250020857.jpg?v=4.02
A. Fraga,4,GK,RSO,https://img.uefa.com/imgml/TP/players/1/2024/75x75/250136441.jpg?v=4.02
Antonio Gomis,4,GK,ATM,https://img.uefa.com/imgml/TP/players/1/2024/75x75/250135499.jpg?v=4.02
A. Papadopoulos,4,DEF,DOR,https://gaming.uefa.com/en/uclfantasy/static-assets/ucl2020/images/default_player@2x.png?v=5.4
S. Henchoz,4,DEF,YB,https://img.uefa.com/imgml/TP/players/1/2024/75x75/250165119.jpg?v=4.02
R. El Meliani,4,DEF,PSV,https://img.uefa.com/imgml/TP/players/1/2024/75x75/250187776.jpg?v=4.02
G. Ayesa,4,GK,RSO,https://img.uefa.com/imgml/TP/players/1/2024/75x75/250147522.jpg?v=4.02
Sergio Mestre,4,GK,ATM,https://img.uefa.com/imgml/TP/players/1/2024/75x75/250154301.jpg?v=4.02
Muhlis Dağaşan,4,DEF,PSV,https://img.uefa.com/imgml/TP/players/1/2024/75x75/250178661.jpg?v=4.02
Günay Güvenç,4,GK,GAL,https://img.uefa.com/imgml/TP/players/1/2024/75x75/250073722.jpg?v=4.02
P. Cubarsí,4,DEF,BAR,https://img.uefa.com/imgml/TP/players/1/2024/75x75/250176453.jpg?v=4.02
R. Aguilar,4,DEF,LEN,https://img.uefa.com/imgml/TP/players/1/2024/75x75/250061132.jpg?v=4.02
A. Khusanov,4,DEF,LEN,https://img.uefa.com/imgml/TP/players/1/2024/75x75/250187698.jpg?v=4.02
B. Rovers,4,DEF,PSV,https://img.uefa.com/imgml/TP/players/1/2024/75x75/250171167.jpg?v=4.02
Tomás Araújo,4,DEF,BEN,https://img.uefa.com/imgml/TP/players/1/2024/75x75/250117410.jpg?v=4.02
R. Van De Riet,4,DEF,PSV,https://img.uefa.com/imgml/TP/players/1/2024/75x75/250180108.jpg?v=4.02
M. Lopez,4,DEF,FEY,https://img.uefa.com/imgml/TP/players/1/2024/75x75/250122937.jpg?v=4.02
Matéo Husselin,4,GK,FEY,https://img.uefa.com/imgml/TP/players/1/2024/75x75/250189192.jpg?v=4.02
J. Drommel,4,GK,PSV,https://img.uefa.com/imgml/TP/players/1/2024/75x75/250081931.jpg?v=4.02
S. Ringeling,4,DEF,FEY,https://img.uefa.com/imgml/TP/players/1/2024/75x75/250189185.jpg?v=4.02
M. Van Gils,4,GK,ANT,https://img.uefa.com/imgml/TP/players/1/2024/75x75/250154600.jpg?v=4.02
Sem Valk,4,DEF,FEY,https://img.uefa.com/imgml/TP/players/1/2024/75x75/250159547.jpg?v=4.02
J. Boñar,4,DEF,ATM,https://img.uefa.com/imgml/TP/players/1/2024/75x75/250154300.jpg?v=4.02
J. Evans,4,DEF,MUN,https://img.uefa.com/imgml/TP/players/1/2024/75x75/98171.jpg?v=4.02
F. Oppegård,4,DEF,PSV,https://img.uefa.com/imgml/TP/players/1/2024/75x75/250127024.jpg?v=4.02
Rafel Obrador,4,DEF,RMA,https://img.uefa.com/imgml/TP/players/1/2024/75x75/250139254.jpg?v=4.02
D. Kochen,4,GK,BAR,https://img.uefa.com/imgml/TP/players/1/2024/75x75/250169576.jpg?v=4.02
V. Tobias,4,DEF,RMA,https://img.uefa.com/imgml/TP/players/1/2024/75x75/250176491.jpg?v=4.02
Y. Pandor,4,GK,LEN,https://img.uefa.com/imgml/TP/players/1/2024/75x75/250186124.jpg?v=4.02
L. Cañizares,4,GK,RMA,https://img.uefa.com/imgml/TP/players/1/2024/75x75/250126910.jpg?v=4.02
L. De Blok,4,DEF,FEY,https://img.uefa.com/imgml/TP/players/1/2024/75x75/250159538.jpg?v=4.02
M. Seiler,4,DEF,YB,https://img.uefa.com/imgml/TP/players/1/2024/75x75/250176188.jpg?v=4.02
N. Schiks,4,GK,PSV,https://img.uefa.com/imgml/TP/players/1/2024/75x75/250148144.jpg?v=4.02
U. González,4,DEF,RSO,https://img.uefa.com/imgml/TP/players/1/2024/75x75/250147526.jpg?v=4.02
B. Otte,4,DEF,FEY,https://img.uefa.com/imgml/TP/players/1/2024/75x75/250189187.jpg?v=4.02
T. Beelen,4,DEF,FEY,https://img.uefa.com/imgml/TP/players/1/2024/75x75/250187221.jpg?v=4.02
R. Belid,4,DEF,ATM,https://img.uefa.com/imgml/TP/players/1/2024/75x75/250164587.jpg?v=4.02
S. Bain,4,GK,CEL,https://img.uefa.com/imgml/TP/players/1/2024/75x75/250011071.jpg?v=4.02
O. De Wolf,4,GK,ANT,https://img.uefa.com/imgml/TP/players/1/2024/75x75/250118152.jpg?v=4.02
Ander Astralaga,4,GK,BAR,https://img.uefa.com/imgml/TP/players/1/2024/75x75/250164626.jpg?v=4.02
D. Marzino,4,GK,YB,https://img.uefa.com/imgml/TP/players/1/2024/75x75/250074072.jpg?v=4.02
L. Arnaud,4,DEF,FEY,https://img.uefa.com/imgml/TP/players/1/2024/75x75/250188468.jpg?v=4.02
Cláudio Ramos,4,GK,POR,https://img.uefa.com/imgml/TP/players/1/2024/75x75/1909059.jpg?v=4.02
T. Schlieck,4,GK,RBL,https://img.uefa.com/imgml/TP/players/1/2024/75x75/250164038.jpg?v=4.02
I. Kostis,4,DEF,ATM,https://img.uefa.com/imgml/TP/players/1/2024/75x75/250129831.jpg?v=4.02
A. Verstraeten,4,DEF,ANT,https://img.uefa.com/imgml/TP/players/1/2024/75x75/250188425.jpg?v=4.02
M. Gobeljić,4,DEF,ZVE,https://img.uefa.com/imgml/TP/players/1/2024/75x75/250106596.jpg?v=4.02
M. Ae,4,GK,RBL,https://img.uefa.com/imgml/TP/players/1/2024/75x75/250176269.jpg?v=4.02
R. Breinburg,4,DEF,FEY,https://img.uefa.com/imgml/TP/players/1/2024/75x75/250171163.jpg?v=4.02
K. Jansen,4,DEF,PSV,https://img.uefa.com/imgml/TP/players/1/2024/75x75/250169765.jpg?v=4.02
N. Janssen,4,GK,PSV,https://img.uefa.com/imgml/TP/players/1/2024/75x75/250187773.jpg?v=4.02
W Kuhn,4,DEF,PSV,https://img.uefa.com/imgml/TP/players/1/2024/75x75/250180113.jpg?v=4.02
Pedrinho,4,DEF,SHK,https://img.uefa.com/imgml/TP/players/1/2024/75x75/250187672.jpg?v=4.02
A. Tenas,4,GK,PAR,https://img.uefa.com/imgml/TP/players/1/2024/75x75/250106979.jpg?v=4.02
A. Dithmer,4,GK,CPH,https://img.uefa.com/imgml/TP/players/1/2024/75x75/250175765.jpg?v=4.02
J. Leca,4,GK,LEN,https://img.uefa.com/imgml/TP/players/1/2024/75x75/250016034.jpg?v=4.02
D. Tvardovskyi,4,GK,SHK,https://img.uefa.com/imgml/TP/players/1/2024/75x75/250160801.jpg?v=4.02
B. Fontes,4,GK,BRA,https://img.uefa.com/imgml/TP/players/1/2024/75x75/250169714.jpg?v=4.02
M. Dams,4,DEF,PSV,https://img.uefa.com/imgml/TP/players/1/2024/75x75/250169764.jpg?v=4.02
P. Elmensdorp,4,DEF,FEY,https://img.uefa.com/imgml/TP/players/1/2024/75x75/250189191.jpg?v=4.02
T. Haksteeg,4,GK,FEY,https://img.uefa.com/imgml/TP/players/1/2024/75x75/250183766.jpg?v=4.02
M. Van Sas,4,GK,FEY,https://img.uefa.com/imgml/TP/players/1/2024/75x75/250139075.jpg?v=4.02
J. Hillson,4,GK,ARS,https://img.uefa.com/imgml/TP/players/1/2024/75x75/250134303.jpg?v=4.02
L. Sepe,4,GK,LAZ,https://img.uefa.com/imgml/TP/players/1/2024/75x75/250002190.jpg?v=4.02
Ø. Nyland,4,GK,SEV,https://img.uefa.com/imgml/TP/players/1/2024/75x75/108923.jpg?v=4.02
D. Giersthove,4,DEF,FEY,https://img.uefa.com/imgml/TP/players/1/2024/75x75/250178087.jpg?v=4.02
D. Khocholava,4,DEF,CPH,https://img.uefa.com/imgml/TP/players/1/2024/75x75/250004261.jpg?v=4.02
U. Spajić,4,DEF,ZVE,https://img.uefa.com/imgml/TP/players/1/2024/75x75/250016616.jpg?v=4.02
Z. Popović,4,GK,ZVE,https://img.uefa.com/imgml/TP/players/1/2024/75x75/250062632.jpg?v=4.02
B. Okoh,4,DEF,SAL,https://gaming.uefa.com/en/uclfantasy/static-assets/ucl2020/images/default_player@2x.png?v=5.4
M. Casado,4,DEF,BAR,https://img.uefa.com/imgml/TP/players/1/2024/75x75/250129965.jpg?v=4.02
Bart Nieuwkoop,4,DEF,FEY,https://img.uefa.com/imgml/TP/players/1/2024/75x75/250056685.jpg?v=4.02
K. Delaporte,4,DEF,ANT,https://img.uefa.com/imgml/TP/players/1/2024/75x75/250188423.jpg?v=4.02
