playerName,playerPrice,playerPos,playerClub,playerImg,TotalPoints,Goals,Assists,BallsRecov
E. Haaland,11.7,FWD,MCI,https://img.uefa.com/imgml/TP/players/1/2024/75x75/250103758.jpg?v=4.07,37,5,1,0
K. Mbappé,11.5,FWD,PAR,https://img.uefa.com/imgml/TP/players/1/2024/75x75/250076574.jpg?v=4.07,24,3,0,4
Vinícius Júnior,11.1,FWD,RMA,https://img.uefa.com/imgml/TP/players/1/2024/75x75/250121533.jpg?v=4.07,23,2,2,2
A. Griezmann,10.7,FWD,ATM,https://img.uefa.com/imgml/TP/players/1/2024/75x75/250019498.jpg?v=4.07,36,5,0,8
K. De Bruyne,10.5,MID,MCI,https://img.uefa.com/imgml/TP/players/1/2024/75x75/250008901.jpg?v=4.07,0,0,0,0
R. Lewandowski,10.3,FWD,BAR,https://img.uefa.com/imgml/TP/players/1/2024/75x75/250002096.jpg?v=4.07,13,1,0,1
H. Kane,10.1,FWD,BAY,https://img.uefa.com/imgml/TP/players/1/2024/75x75/250016833.jpg?v=4.07,41,4,3,5
B. Saka,9.8,MID,ARS,https://img.uefa.com/imgml/TP/players/1/2024/75x75/250106939.jpg?v=4.07,43,3,4,7
V. Osimhen,9.8,FWD,NAP,https://img.uefa.com/imgml/TP/players/1/2024/75x75/250132987.jpg?v=4.07,17,1,1,4
K. Kvaratskhelia,9.5,MID,NAP,https://img.uefa.com/imgml/TP/players/1/2024/75x75/250101808.jpg?v=4.07,22,0,1,8
Rodrygo,9.2,FWD,RMA,https://img.uefa.com/imgml/TP/players/1/2024/75x75/250132829.jpg?v=4.07,33,3,2,0
M. Ødegaard,9.1,MID,ARS,https://img.uefa.com/imgml/TP/players/1/2024/75x75/250081341.jpg?v=4.07,29,2,1,12
L. Sané,9.1,MID,BAY,https://img.uefa.com/imgml/TP/players/1/2024/75x75/250063984.jpg?v=4.07,25,1,1,9
L. Martínez,9,FWD,INT,https://img.uefa.com/imgml/TP/players/1/2024/75x75/250118281.jpg?v=4.07,21,2,0,1
R. Kolo Muani,9,FWD,PAR,https://img.uefa.com/imgml/TP/players/1/2024/75x75/250146926.jpg?v=4.07,14,1,0,6
T. Müller,8.9,FWD,BAY,https://img.uefa.com/imgml/TP/players/1/2024/75x75/250003318.jpg?v=4.07,9,0,1,2
S. Gnabry,8.8,MID,BAY,https://img.uefa.com/imgml/TP/players/1/2024/75x75/250041770.jpg?v=4.07,9,1,0,2
Gonçalo Ramos,8.8,FWD,PAR,https://img.uefa.com/imgml/TP/players/1/2024/75x75/250116654.jpg?v=4.07,5,0,0,1
G. Jesus,8.6,FWD,ARS,https://img.uefa.com/imgml/TP/players/1/2024/75x75/250106649.jpg?v=4.07,37,4,2,7
G. Martinelli,8.5,FWD,ARS,https://img.uefa.com/imgml/TP/players/1/2024/75x75/250134304.jpg?v=4.07,22,2,2,7
L. De Jong,8.5,FWD,PSV,https://img.uefa.com/imgml/TP/players/1/2024/75x75/250005343.jpg?v=4.07,20,2,0,6
J. Musiala,8.4,MID,BAY,https://img.uefa.com/imgml/TP/players/1/2024/75x75/250124430.jpg?v=4.07,23,2,1,11
Raphinha,8.4,FWD,BAR,https://img.uefa.com/imgml/TP/players/1/2024/75x75/250112880.jpg?v=4.07,12,0,2,5
Bernardo Silva,8.3,MID,MCI,https://img.uefa.com/imgml/TP/players/1/2024/75x75/250059115.jpg?v=4.07,7,0,0,2
João Félix,8.2,FWD,BAR,https://img.uefa.com/imgml/TP/players/1/2024/75x75/250101463.jpg?v=4.07,25,3,1,2
P. Foden,8.1,MID,MCI,https://img.uefa.com/imgml/TP/players/1/2024/75x75/250101534.jpg?v=4.07,38,3,2,10
İ. Gündoğan,8.1,MID,BAR,https://img.uefa.com/imgml/TP/players/1/2024/75x75/250005335.jpg?v=4.07,28,0,3,14
M. Taremi,8.1,FWD,POR,https://img.uefa.com/imgml/TP/players/1/2024/75x75/250097909.jpg?v=4.07,27,2,2,12
Á. Morata,8,FWD,ATM,https://img.uefa.com/imgml/TP/players/1/2024/75x75/250024456.jpg?v=4.07,34,5,0,6
K. Coman,8,MID,BAY,https://img.uefa.com/imgml/TP/players/1/2024/75x75/250054949.jpg?v=4.07,32,2,0,11
K. Adeyemi,8,FWD,DOR,https://img.uefa.com/imgml/TP/players/1/2024/75x75/250127347.jpg?v=4.07,22,2,1,11
O. Dembélé,8,FWD,PAR,https://img.uefa.com/imgml/TP/players/1/2024/75x75/250066886.jpg?v=4.07,12,0,1,12
J. Bellingham,7.9,MID,RMA,https://img.uefa.com/imgml/TP/players/1/2024/75x75/250128377.jpg?v=4.07,50,4,3,14
J. Grealish,7.9,MID,MCI,https://img.uefa.com/imgml/TP/players/1/2024/75x75/250042329.jpg?v=4.07,13,0,1,7
M. Asensio,7.9,MID,PAR,https://img.uefa.com/imgml/TP/players/1/2024/75x75/250080570.jpg?v=4.07,3,0,0,3
L. Openda,7.8,FWD,RBL,https://img.uefa.com/imgml/TP/players/1/2024/75x75/250096954.jpg?v=4.07,30,4,0,3
S. Haller,7.8,FWD,DOR,https://img.uefa.com/imgml/TP/players/1/2024/75x75/250027043.jpg?v=4.07,2,0,0,2
C. Immobile,7.7,FWD,LAZ,https://img.uefa.com/imgml/TP/players/1/2024/75x75/250005254.jpg?v=4.07,27,3,0,5
T. Werner,7.7,FWD,RBL,https://img.uefa.com/imgml/TP/players/1/2024/75x75/250049183.jpg?v=4.07,4,0,0,2
L. Trossard,7.6,MID,ARS,https://img.uefa.com/imgml/TP/players/1/2024/75x75/250023009.jpg?v=4.07,24,2,1,5
Johan Bakayoko,7.5,MID,PSV,https://img.uefa.com/imgml/TP/players/1/2024/75x75/250130406.jpg?v=4.07,26,1,1,12
P. Zieliński,7.5,MID,NAP,https://img.uefa.com/imgml/TP/players/1/2024/75x75/250024370.jpg?v=4.07,24,1,1,13
M. Reus,7.5,MID,DOR,https://img.uefa.com/imgml/TP/players/1/2024/75x75/250011791.jpg?v=4.07,22,1,1,10
Ferran Torres,7.5,FWD,BAR,https://img.uefa.com/imgml/TP/players/1/2024/75x75/250088320.jpg?v=4.07,21,3,1,2
J. Brandt,7.5,MID,DOR,https://img.uefa.com/imgml/TP/players/1/2024/75x75/250046522.jpg?v=4.07,20,1,0,9
N. Füllkrug,7.5,FWD,DOR,https://img.uefa.com/imgml/TP/players/1/2024/75x75/250041844.jpg?v=4.07,18,1,1,1
E. Forsberg,7.5,MID,RBL,https://img.uefa.com/imgml/TP/players/1/2024/75x75/250013469.jpg?v=4.07,17,1,0,10
F. Valverde,7.5,MID,RMA,https://img.uefa.com/imgml/TP/players/1/2024/75x75/250101284.jpg?v=4.07,15,0,0,15
André Silva,7.5,FWD,RSO,https://img.uefa.com/imgml/TP/players/1/2024/75x75/250042521.jpg?v=4.07,0,0,0,0
Alexis Sánchez,7.4,FWD,INT,https://img.uefa.com/imgml/TP/players/1/2024/75x75/250003528.jpg?v=4.07,18,2,0,5
B. Šeško,7.4,FWD,RBL,https://img.uefa.com/imgml/TP/players/1/2024/75x75/250127111.jpg?v=4.07,17,2,0,4
L. Yamal,7.4,MID,BAR,https://img.uefa.com/imgml/TP/players/1/2024/75x75/250176450.jpg?v=4.07,14,0,1,15
G. Raspadori,7.4,FWD,NAP,https://img.uefa.com/imgml/TP/players/1/2024/75x75/250105617.jpg?v=4.07,11,1,0,2
D. Malen,7.4,FWD,DOR,https://img.uefa.com/imgml/TP/players/1/2024/75x75/250081555.jpg?v=4.07,11,0,0,1
M. Depay,7.4,FWD,ATM,https://img.uefa.com/imgml/TP/players/1/2024/75x75/250024860.jpg?v=4.07,2,0,0,0
Joselu,7.3,FWD,RMA,https://img.uefa.com/imgml/TP/players/1/2024/75x75/250005193.jpg?v=4.07,22,3,0,2
I. Saibari,7.3,FWD,PSV,https://img.uefa.com/imgml/TP/players/1/2024/75x75/250134320.jpg?v=4.07,15,1,0,6
Á. Correa,7.3,FWD,ATM,https://img.uefa.com/imgml/TP/players/1/2024/75x75/250086315.jpg?v=4.07,8,0,0,8
Evanilson,7.2,FWD,POR,https://img.uefa.com/imgml/TP/players/1/2024/75x75/250145251.jpg?v=4.07,31,4,1,5
J. Álvarez,7.2,FWD,MCI,https://img.uefa.com/imgml/TP/players/1/2024/75x75/250172668.jpg?v=4.07,25,4,1,1
M. Politano,7.2,FWD,NAP,https://img.uefa.com/imgml/TP/players/1/2024/75x75/250050381.jpg?v=4.07,23,1,1,14
G. Simeone,7.2,FWD,NAP,https://img.uefa.com/imgml/TP/players/1/2024/75x75/250176138.jpg?v=4.07,8,1,0,3
E. Choupo-Moting,7.2,FWD,BAY,https://img.uefa.com/imgml/TP/players/1/2024/75x75/1904338.jpg?v=4.07,3,0,0,0
M. Merino,7.1,MID,RSO,https://img.uefa.com/imgml/TP/players/1/2024/75x75/250080572.jpg?v=4.07,27,1,1,31
H. Çalhanoğlu,7.1,MID,INT,https://img.uefa.com/imgml/TP/players/1/2024/75x75/250022829.jpg?v=4.07,26,1,0,28
D. Gonçalves,7,MID,CPH,https://img.uefa.com/imgml/TP/players/1/2024/75x75/250076224.jpg?v=4.07,29,2,1,10
K. Havertz,7,FWD,ARS,https://img.uefa.com/imgml/TP/players/1/2024/75x75/250087938.jpg?v=4.07,18,1,0,15
H. Mkhitaryan,7,MID,INT,https://img.uefa.com/imgml/TP/players/1/2024/75x75/98023.jpg?v=4.07,16,0,1,16
J. Veerman,7,MID,PSV,https://img.uefa.com/imgml/TP/players/1/2024/75x75/250105890.jpg?v=4.07,15,0,0,19
N. Barella,7,MID,INT,https://img.uefa.com/imgml/TP/players/1/2024/75x75/250066739.jpg?v=4.07,11,0,0,14
N. Lang,7,FWD,PSV,https://img.uefa.com/imgml/TP/players/1/2024/75x75/250091165.jpg?v=4.07,7,0,0,2
D. Olmo,7,MID,RBL,https://img.uefa.com/imgml/TP/players/1/2024/75x75/250081720.jpg?v=4.07,6,1,0,0
B. Méndez,6.9,MID,RSO,https://img.uefa.com/imgml/TP/players/1/2024/75x75/250068974.jpg?v=4.07,39,3,1,14
X. Simons,6.9,MID,RBL,https://img.uefa.com/imgml/TP/players/1/2024/75x75/250128451.jpg?v=4.07,33,2,2,10
J. Doku,6.9,MID,MCI,https://img.uefa.com/imgml/TP/players/1/2024/75x75/250113142.jpg?v=4.07,14,1,1,3
M. Zaccagni,6.9,FWD,LAZ,https://img.uefa.com/imgml/TP/players/1/2024/75x75/250150875.jpg?v=4.07,13,0,0,16
Pedri,6.9,MID,BAR,https://img.uefa.com/imgml/TP/players/1/2024/75x75/250143693.jpg?v=4.07,8,0,1,6
L. Modrić,6.9,MID,RMA,https://img.uefa.com/imgml/TP/players/1/2024/75x75/74699.jpg?v=4.07,8,0,0,5
Galeno,6.8,MID,POR,https://img.uefa.com/imgml/TP/players/1/2024/75x75/250121327.jpg?v=4.07,51,4,4,11
M. Elyounoussi,6.8,MID,CPH,https://img.uefa.com/imgml/TP/players/1/2024/75x75/250055967.jpg?v=4.07,32,2,0,21
D. Kamada,6.8,MID,LAZ,https://img.uefa.com/imgml/TP/players/1/2024/75x75/250132313.jpg?v=4.07,10,0,0,11
T. Castellanos,6.8,FWD,LAZ,https://img.uefa.com/imgml/TP/players/1/2024/75x75/250187694.jpg?v=4.07,6,0,0,3
F. De Jong,6.8,MID,BAR,https://img.uefa.com/imgml/TP/players/1/2024/75x75/250084709.jpg?v=4.07,3,0,0,7
G. Reyna,6.8,MID,DOR,https://img.uefa.com/imgml/TP/players/1/2024/75x75/250134661.jpg?v=4.07,2,0,0,0
M. Oyarzabal,6.7,FWD,RSO,https://img.uefa.com/imgml/TP/players/1/2024/75x75/250097180.jpg?v=4.07,27,2,0,11
Rodri,6.7,MID,MCI,https://img.uefa.com/imgml/TP/players/1/2024/75x75/250082664.jpg?v=4.07,25,1,1,17
R. De Paul,6.7,MID,ATM,https://img.uefa.com/imgml/TP/players/1/2024/75x75/250086037.jpg?v=4.07,10,0,0,12
J. Kimmich,6.6,MID,BAY,https://img.uefa.com/imgml/TP/players/1/2024/75x75/250070417.jpg?v=4.07,32,0,2,34
Felipe Anderson,6.5,MID,LAZ,https://img.uefa.com/imgml/TP/players/1/2024/75x75/250064178.jpg?v=4.07,21,0,1,19
Pepê,6.5,FWD,POR,https://img.uefa.com/imgml/TP/players/1/2024/75x75/250159919.jpg?v=4.07,21,1,2,14
M. Thuram,6.5,MID,INT,https://img.uefa.com/imgml/TP/players/1/2024/75x75/250068805.jpg?v=4.07,19,1,0,3
L. Goretzka,6.5,MID,BAY,https://img.uefa.com/imgml/TP/players/1/2024/75x75/250041771.jpg?v=4.07,16,0,0,27
Brahim Díaz,6.5,MID,RMA,https://img.uefa.com/imgml/TP/players/1/2024/75x75/250088039.jpg?v=4.07,15,1,1,1
Romário Baró,6.5,MID,POR,https://img.uefa.com/imgml/TP/players/1/2024/75x75/250101440.jpg?v=4.07,3,0,0,3
C. Soler,6.5,MID,PAR,https://img.uefa.com/imgml/TP/players/1/2024/75x75/250088328.jpg?v=4.07,1,0,0,0
T. Lemar,6.5,MID,ATM,https://img.uefa.com/imgml/TP/players/1/2024/75x75/250042778.jpg?v=4.07,0,0,0,0
Pedro Rodríguez,6.4,MID,LAZ,https://img.uefa.com/imgml/TP/players/1/2024/75x75/250002701.jpg?v=4.07,14,2,0,2
T. Kroos,6.4,MID,RMA,https://img.uefa.com/imgml/TP/players/1/2024/75x75/103147.jpg?v=4.07,13,0,0,16
K. Lee,6.4,MID,PAR,https://img.uefa.com/imgml/TP/players/1/2024/75x75/250121584.jpg?v=4.07,12,1,0,8
M. Arnautovic,6.4,FWD,INT,https://img.uefa.com/imgml/TP/players/1/2024/75x75/1903428.jpg?v=4.07,8,1,0,2
Y. Poulsen,6.3,FWD,RBL,https://img.uefa.com/imgml/TP/players/1/2024/75x75/250022869.jpg?v=4.07,12,0,1,7
G. Isaksen,6.3,FWD,LAZ,https://img.uefa.com/imgml/TP/players/1/2024/75x75/250101877.jpg?v=4.07,7,0,1,3
H. Lozano,6.3,MID,PSV,https://img.uefa.com/imgml/TP/players/1/2024/75x75/250106789.jpg?v=4.07,6,0,0,5
E. Smith Rowe,6.3,MID,ARS,https://img.uefa.com/imgml/TP/players/1/2024/75x75/250087672.jpg?v=4.07,3,0,0,1
Y. Vertessen,6.2,FWD,PSV,https://img.uefa.com/imgml/TP/players/1/2024/75x75/250116363.jpg?v=4.07,16,1,2,5
Gavi,6.2,MID,BAR,https://img.uefa.com/imgml/TP/players/1/2024/75x75/250139255.jpg?v=4.07,8,1,0,8
J. Larsson,6.2,FWD,CPH,https://img.uefa.com/imgml/TP/players/1/2024/75x75/250090718.jpg?v=4.07,3,0,0,0
João Cancelo,6.1,DEF,BAR,https://img.uefa.com/imgml/TP/players/1/2024/75x75/250024746.jpg?v=4.07,37,1,1,25
S. Lino,6.1,MID,ATM,https://img.uefa.com/imgml/TP/players/1/2024/75x75/250173502.jpg?v=4.07,33,2,3,15
A. Hakimi,6.1,DEF,PAR,https://img.uefa.com/imgml/TP/players/1/2024/75x75/250088061.jpg?v=4.07,30,1,0,33
S. Eustaquio,6.1,MID,POR,https://img.uefa.com/imgml/TP/players/1/2024/75x75/250116817.jpg?v=4.07,25,1,0,28
A. Zambo Anguissa,6.1,MID,NAP,https://img.uefa.com/imgml/TP/players/1/2024/75x75/250086987.jpg?v=4.07,21,1,0,21
E. Nketiah,6.1,FWD,ARS,https://img.uefa.com/imgml/TP/players/1/2024/75x75/250077451.jpg?v=4.07,9,1,0,2
B. Barcola,6.1,FWD,PAR,https://img.uefa.com/imgml/TP/players/1/2024/75x75/250134138.jpg?v=4.07,6,0,0,6
O. Óskarsson,6.1,FWD,CPH,https://img.uefa.com/imgml/TP/players/1/2024/75x75/250129690.jpg?v=4.07,5,0,0,1
E. Elmas,6.1,MID,NAP,https://img.uefa.com/imgml/TP/players/1/2024/75x75/250091841.jpg?v=4.07,5,0,0,4
D. Klaassen,6.1,MID,INT,https://img.uefa.com/imgml/TP/players/1/2024/75x75/250013855.jpg?v=4.07,4,0,0,4
Fábio Vieira,6.1,MID,ARS,https://img.uefa.com/imgml/TP/players/1/2024/75x75/250113351.jpg?v=4.07,3,0,0,2
Y. Moukoko,6.1,FWD,DOR,https://img.uefa.com/imgml/TP/players/1/2024/75x75/250134659.jpg?v=4.07,2,0,0,2
N. Molina,6,DEF,ATM,https://img.uefa.com/imgml/TP/players/1/2024/75x75/250172673.jpg?v=4.07,33,0,3,18
Gabriel,6,DEF,ARS,https://img.uefa.com/imgml/TP/players/1/2024/75x75/250131901.jpg?v=4.07,31,0,0,28
C. Augusto,6,DEF,INT,https://img.uefa.com/imgml/TP/players/1/2024/75x75/250188223.jpg?v=4.07,25,0,0,24
J. Oblak,6,GK,ATM,https://img.uefa.com/imgml/TP/players/1/2024/75x75/250012069.jpg?v=4.07,24,0,0,0
A. Davies,6,DEF,BAY,https://img.uefa.com/imgml/TP/players/1/2024/75x75/250128120.jpg?v=4.07,22,0,0,21
Vitinha,6,MID,PAR,https://img.uefa.com/imgml/TP/players/1/2024/75x75/250101444.jpg?v=4.07,22,0,1,18
G. Donnarumma,6,GK,PAR,https://img.uefa.com/imgml/TP/players/1/2024/75x75/250078922.jpg?v=4.07,21,0,0,0
Luis Alberto,6,MID,LAZ,https://img.uefa.com/imgml/TP/players/1/2024/75x75/250020654.jpg?v=4.07,19,0,1,15
D. Rice,6,MID,ARS,https://img.uefa.com/imgml/TP/players/1/2024/75x75/250083732.jpg?v=4.07,19,0,0,24
Matheus Nunes,6,MID,MCI,https://img.uefa.com/imgml/TP/players/1/2024/75x75/250145803.jpg?v=4.07,16,0,1,8
Koke,6,MID,ATM,https://img.uefa.com/imgml/TP/players/1/2024/75x75/1909917.jpg?v=4.07,16,0,0,26
V. Claesson,6,MID,CPH,https://img.uefa.com/imgml/TP/players/1/2024/75x75/250024171.jpg?v=4.07,16,0,0,14
E. Achouri,6,FWD,CPH,https://img.uefa.com/imgml/TP/players/1/2024/75x75/250132393.jpg?v=4.07,15,0,1,5
M. Tillman,6,FWD,PSV,https://img.uefa.com/imgml/TP/players/1/2024/75x75/250123677.jpg?v=4.07,14,0,1,11
E. Camavinga,6,MID,RMA,https://img.uefa.com/imgml/TP/players/1/2024/75x75/250128270.jpg?v=4.07,14,0,0,21
Ederson,6,GK,MCI,https://img.uefa.com/imgml/TP/players/1/2024/75x75/250073809.jpg?v=4.07,13,0,0,0
M. Llorente,6,MID,ATM,https://img.uefa.com/imgml/TP/players/1/2024/75x75/250079670.jpg?v=4.07,12,0,2,5
M. Kovačić,6,MID,MCI,https://img.uefa.com/imgml/TP/players/1/2024/75x75/250023551.jpg?v=4.07,9,0,0,6
Vasco Sousa,6,MID,POR,https://img.uefa.com/imgml/TP/players/1/2024/75x75/250128456.jpg?v=4.07,0,0,0,0
T. Courtois,6,GK,RMA,https://img.uefa.com/imgml/TP/players/1/2024/75x75/250011668.jpg?v=4.07,0,0,0,0
T. Partey,6,MID,ARS,https://img.uefa.com/imgml/TP/players/1/2024/75x75/250086316.jpg?v=4.07,0,0,0,0
A. Balde,5.9,DEF,BAR,https://img.uefa.com/imgml/TP/players/1/2024/75x75/250135416.jpg?v=4.07,19,0,0,15
M. Neuer,5.9,GK,BAY,https://img.uefa.com/imgml/TP/players/1/2024/75x75/97923.jpg?v=4.07,15,0,0,0
G. Til,5.9,MID,PSV,https://img.uefa.com/imgml/TP/players/1/2024/75x75/250099671.jpg?v=4.07,7,0,0,3
Fabián Ruiz,5.9,MID,PAR,https://img.uefa.com/imgml/TP/players/1/2024/75x75/250115436.jpg?v=4.07,5,0,0,5
Toni Martínez,5.9,FWD,POR,https://img.uefa.com/imgml/TP/players/1/2024/75x75/250068973.jpg?v=4.07,1,0,0,0
L. Lerager,5.8,MID,CPH,https://img.uefa.com/imgml/TP/players/1/2024/75x75/250059199.jpg?v=4.07,34,3,1,29
X. Schlager,5.8,MID,RBL,https://img.uefa.com/imgml/TP/players/1/2024/75x75/250065408.jpg?v=4.07,31,1,2,31
R. Bardghji,5.8,MID,CPH,https://img.uefa.com/imgml/TP/players/1/2024/75x75/250165617.jpg?v=4.07,10,1,0,2
Emre Can,5.8,MID,DOR,https://img.uefa.com/imgml/TP/players/1/2024/75x75/250017824.jpg?v=4.07,8,0,0,13
C. Baumgartner,5.8,MID,RBL,https://img.uefa.com/imgml/TP/players/1/2024/75x75/250089289.jpg?v=4.07,8,0,1,2
J. Kiwior,5.8,DEF,ARS,https://img.uefa.com/imgml/TP/players/1/2024/75x75/250105681.jpg?v=4.07,7,0,0,7
F. Carvalho,5.8,MID,RBL,https://img.uefa.com/imgml/TP/players/1/2024/75x75/250117502.jpg?v=4.07,5,0,0,3
U. Sadiq,5.8,FWD,RSO,https://img.uefa.com/imgml/TP/players/1/2024/75x75/250088136.jpg?v=4.07,4,0,0,0
Fran Navarro,5.8,FWD,POR,https://img.uefa.com/imgml/TP/players/1/2024/75x75/250079395.jpg?v=4.07,1,0,0,0
N. Schlotterbeck,5.7,DEF,DOR,https://img.uefa.com/imgml/TP/players/1/2024/75x75/250134856.jpg?v=4.07,30,0,1,33
R. Nelson,5.7,FWD,ARS,https://img.uefa.com/imgml/TP/players/1/2024/75x75/250077450.jpg?v=4.07,14,0,2,7
R. Pepi,5.7,FWD,PSV,https://img.uefa.com/imgml/TP/players/1/2024/75x75/250187620.jpg?v=4.07,13,1,1,0
D. Ceballos,5.7,MID,RMA,https://img.uefa.com/imgml/TP/players/1/2024/75x75/250086709.jpg?v=4.07,12,1,0,9
B. Turrientes,5.7,MID,RSO,https://img.uefa.com/imgml/TP/players/1/2024/75x75/250129415.jpg?v=4.07,7,0,0,4
J. Lindstrøm,5.7,MID,NAP,https://img.uefa.com/imgml/TP/players/1/2024/75x75/250110724.jpg?v=4.07,2,0,0,0
R. Bensebaini,5.6,DEF,DOR,https://img.uefa.com/imgml/TP/players/1/2024/75x75/250119677.jpg?v=4.07,24,0,0,26
D. Frattesi,5.6,MID,INT,https://img.uefa.com/imgml/TP/players/1/2024/75x75/250088150.jpg?v=4.07,23,1,1,17
G. Di Lorenzo,5.5,DEF,NAP,https://img.uefa.com/imgml/TP/players/1/2024/75x75/250064229.jpg?v=4.07,35,1,1,34
M. Škriniar,5.5,DEF,PAR,https://img.uefa.com/imgml/TP/players/1/2024/75x75/250041563.jpg?v=4.07,33,1,0,43
W. Saliba,5.5,DEF,ARS,https://img.uefa.com/imgml/TP/players/1/2024/75x75/250127439.jpg?v=4.07,31,0,0,30
Marquinhos,5.5,DEF,PAR,https://img.uefa.com/imgml/TP/players/1/2024/75x75/250064064.jpg?v=4.07,25,0,1,31
A. Witsel,5.5,MID,ATM,https://img.uefa.com/imgml/TP/players/1/2024/75x75/103335.jpg?v=4.07,25,0,0,34
A. Rüdiger,5.5,DEF,RMA,https://img.uefa.com/imgml/TP/players/1/2024/75x75/250028211.jpg?v=4.07,23,0,0,26
Rúben Dias,5.5,DEF,MCI,https://img.uefa.com/imgml/TP/players/1/2024/75x75/250058220.jpg?v=4.07,22,0,1,34
A. Bastoni,5.5,DEF,INT,https://img.uefa.com/imgml/TP/players/1/2024/75x75/250091199.jpg?v=4.07,20,0,0,17
S. Lobotka,5.5,MID,NAP,https://img.uefa.com/imgml/TP/players/1/2024/75x75/250055982.jpg?v=4.07,19,0,0,23
M. Tel,5.5,FWD,BAY,https://img.uefa.com/imgml/TP/players/1/2024/75x75/250140936.jpg?v=4.07,19,2,1,3
M. Sabitzer,5.5,MID,DOR,https://img.uefa.com/imgml/TP/players/1/2024/75x75/250024349.jpg?v=4.07,18,0,2,9
Saúl Ñíguez,5.5,MID,ATM,https://img.uefa.com/imgml/TP/players/1/2024/75x75/250017725.jpg?v=4.07,18,1,0,18
M. Ter Stegen,5.5,GK,BAR,https://img.uefa.com/imgml/TP/players/1/2024/75x75/250007631.jpg?v=4.07,18,0,0,0
M. Vecino,5.5,MID,LAZ,https://img.uefa.com/imgml/TP/players/1/2024/75x75/250086300.jpg?v=4.07,18,1,0,13
Diogo Costa,5.5,GK,POR,https://img.uefa.com/imgml/TP/players/1/2024/75x75/250076675.jpg?v=4.07,17,0,0,0
J. Gvardiol,5.5,DEF,MCI,https://img.uefa.com/imgml/TP/players/1/2024/75x75/250127284.jpg?v=4.07,17,0,1,21
Ronald Araújo,5.5,DEF,BAR,https://img.uefa.com/imgml/TP/players/1/2024/75x75/250134170.jpg?v=4.07,17,0,0,23
B. White,5.5,DEF,ARS,https://img.uefa.com/imgml/TP/players/1/2024/75x75/250156002.jpg?v=4.07,17,0,0,11
K. Laimer,5.5,MID,BAY,https://img.uefa.com/imgml/TP/players/1/2024/75x75/250065413.jpg?v=4.07,16,0,0,26
J. Schouten,5.5,MID,PSV,https://img.uefa.com/imgml/TP/players/1/2024/75x75/250172787.jpg?v=4.07,16,0,0,23
M. Ugarte,5.5,MID,PAR,https://img.uefa.com/imgml/TP/players/1/2024/75x75/250161762.jpg?v=4.07,16,0,0,20
D. Alaba,5.5,DEF,RMA,https://img.uefa.com/imgml/TP/players/1/2024/75x75/1906540.jpg?v=4.07,15,0,1,16
Salih Özcan,5.5,MID,DOR,https://img.uefa.com/imgml/TP/players/1/2024/75x75/250081693.jpg?v=4.07,14,0,0,18
B. Pavard,5.5,DEF,INT,https://img.uefa.com/imgml/TP/players/1/2024/75x75/250081921.jpg?v=4.07,13,0,0,11
Pablo Barrios,5.5,MID,ATM,https://img.uefa.com/imgml/TP/players/1/2024/75x75/250139036.jpg?v=4.07,13,1,1,6
K. Walker,5.5,DEF,MCI,https://img.uefa.com/imgml/TP/players/1/2024/75x75/250010259.jpg?v=4.07,13,0,0,16
N. Mazraoui,5.5,DEF,BAY,https://img.uefa.com/imgml/TP/players/1/2024/75x75/250075995.jpg?v=4.07,12,0,0,20
M. De Ligt,5.5,DEF,BAY,https://img.uefa.com/imgml/TP/players/1/2024/75x75/250081554.jpg?v=4.07,3,0,0,5
A. Cornelius,5.5,FWD,CPH,https://img.uefa.com/imgml/TP/players/1/2024/75x75/250041664.jpg?v=4.07,1,0,0,0
A. Zerbin,5.5,FWD,NAP,https://img.uefa.com/imgml/TP/players/1/2024/75x75/250112609.jpg?v=4.07,0,0,0,0
Arda Güler,5.5,MID,RMA,https://img.uefa.com/imgml/TP/players/1/2024/75x75/250161881.jpg?v=4.07,0,0,0,0
Éder Militão,5.5,DEF,RMA,https://img.uefa.com/imgml/TP/players/1/2024/75x75/250121965.jpg?v=4.07,0,0,0,0
Nuno Mendes,5.5,DEF,PAR,https://img.uefa.com/imgml/TP/players/1/2024/75x75/250136465.jpg?v=4.07,0,0,0,0
M. Hermoso,5.4,DEF,ATM,https://img.uefa.com/imgml/TP/players/1/2024/75x75/250063940.jpg?v=4.07,28,1,0,22
M. Guendouzi,5.4,MID,LAZ,https://img.uefa.com/imgml/TP/players/1/2024/75x75/250122927.jpg?v=4.07,13,0,1,16
D. Dumfries,5.4,DEF,INT,https://img.uefa.com/imgml/TP/players/1/2024/75x75/250112690.jpg?v=4.07,13,0,1,6
A. Tchouameni,5.4,MID,RMA,https://img.uefa.com/imgml/TP/players/1/2024/75x75/250105244.jpg?v=4.07,7,0,0,12
W. Zaïre-Emery,5.3,MID,PAR,https://img.uefa.com/imgml/TP/players/1/2024/75x75/250153849.jpg?v=4.07,35,1,3,17
K. Kampl,5.3,MID,RBL,https://img.uefa.com/imgml/TP/players/1/2024/75x75/250014636.jpg?v=4.07,19,0,2,12
F. Dimarco,5.3,DEF,INT,https://img.uefa.com/imgml/TP/players/1/2024/75x75/250056189.jpg?v=4.07,16,0,0,7
Jorginho,5.3,MID,ARS,https://img.uefa.com/imgml/TP/players/1/2024/75x75/250067749.jpg?v=4.07,15,1,0,10
J. Bynoe-Gittens,5.3,MID,DOR,https://img.uefa.com/imgml/TP/players/1/2024/75x75/250153402.jpg?v=4.07,13,1,0,2
F. Mendy,5.3,DEF,RMA,https://img.uefa.com/imgml/TP/players/1/2024/75x75/250112803.jpg?v=4.07,11,0,0,10
A. Zakharyan,5.3,MID,RSO,https://img.uefa.com/imgml/TP/players/1/2024/75x75/250129880.jpg?v=4.07,9,0,0,7
M. Alonso,5.3,DEF,BAR,https://img.uefa.com/imgml/TP/players/1/2024/75x75/250008348.jpg?v=4.07,6,0,0,9
D. Carvajal,5.3,DEF,RMA,https://img.uefa.com/imgml/TP/players/1/2024/75x75/250024448.jpg?v=4.07,6,0,0,11
O. Zinchenko,5.3,DEF,ARS,https://img.uefa.com/imgml/TP/players/1/2024/75x75/250056861.jpg?v=4.07,6,0,0,13
J. Stones,5.3,DEF,MCI,https://img.uefa.com/imgml/TP/players/1/2024/75x75/250064233.jpg?v=4.07,4,0,0,5
Danilo,5.3,MID,PAR,https://img.uefa.com/imgml/TP/players/1/2024/75x75/250014528.jpg?v=4.07,3,0,0,2
M. Grujić,5.3,MID,POR,https://img.uefa.com/imgml/TP/players/1/2024/75x75/250055207.jpg?v=4.07,2,0,0,1
Sergi Roberto,5.3,MID,BAR,https://img.uefa.com/imgml/TP/players/1/2024/75x75/250006092.jpg?v=4.07,2,0,0,2
R. Falk,5.2,MID,CPH,https://img.uefa.com/imgml/TP/players/1/2024/75x75/250004106.jpg?v=4.07,32,0,1,28
M. Hummels,5.1,DEF,DOR,https://img.uefa.com/imgml/TP/players/1/2024/75x75/106587.jpg?v=4.07,40,0,0,57
M. Zubimendi,5.1,MID,RSO,https://img.uefa.com/imgml/TP/players/1/2024/75x75/250143679.jpg?v=4.07,32,0,0,35
F. Nmecha,5.1,MID,DOR,https://img.uefa.com/imgml/TP/players/1/2024/75x75/250112224.jpg?v=4.07,15,1,0,7
J. Cajuste,5.1,MID,NAP,https://img.uefa.com/imgml/TP/players/1/2024/75x75/250121175.jpg?v=4.07,4,0,0,5
Carlos Fernández,5.1,FWD,RSO,https://img.uefa.com/imgml/TP/players/1/2024/75x75/250067964.jpg?v=4.07,3,0,0,1
G. Kobel,5,GK,DOR,https://img.uefa.com/imgml/TP/players/1/2024/75x75/250069832.jpg?v=4.07,32,0,0,0
D. Upamecano,5,DEF,BAY,https://img.uefa.com/imgml/TP/players/1/2024/75x75/250079545.jpg?v=4.07,29,0,0,28
L. Hernández,5,DEF,PAR,https://img.uefa.com/imgml/TP/players/1/2024/75x75/250063803.jpg?v=4.07,28,1,0,27
I. Provedel,5,GK,LAZ,https://img.uefa.com/imgml/TP/players/1/2024/75x75/250088946.jpg?v=4.07,28,1,0,0
K. Diks,5,DEF,CPH,https://img.uefa.com/imgml/TP/players/1/2024/75x75/250078678.jpg?v=4.07,27,0,0,33
M. Kim,5,DEF,BAY,https://img.uefa.com/imgml/TP/players/1/2024/75x75/250175065.jpg?v=4.07,26,0,0,46
Nacho,5,DEF,RMA,https://img.uefa.com/imgml/TP/players/1/2024/75x75/1900122.jpg?v=4.07,24,0,0,29
J. Teze,5,DEF,PSV,https://img.uefa.com/imgml/TP/players/1/2024/75x75/250088122.jpg?v=4.07,24,1,0,24
D. Raya,5,GK,ARS,https://img.uefa.com/imgml/TP/players/1/2024/75x75/250171278.jpg?v=4.07,22,0,0,0
A. Rrahmani,5,DEF,NAP,https://img.uefa.com/imgml/TP/players/1/2024/75x75/250059233.jpg?v=4.07,20,0,0,24
A. Ramalho,5,DEF,PSV,https://img.uefa.com/imgml/TP/players/1/2024/75x75/250030823.jpg?v=4.07,20,0,0,30
J. Koundé,5,DEF,BAR,https://img.uefa.com/imgml/TP/players/1/2024/75x75/250096309.jpg?v=4.07,19,0,0,22
M. Simakan,5,DEF,RBL,https://img.uefa.com/imgml/TP/players/1/2024/75x75/250132434.jpg?v=4.07,18,1,0,22
J. Giménez,5,DEF,ATM,https://img.uefa.com/imgml/TP/players/1/2024/75x75/250063505.jpg?v=4.07,14,0,1,13
T. Kubo,5,FWD,RSO,https://img.uefa.com/imgml/TP/players/1/2024/75x75/250147279.jpg?v=4.07,13,0,0,8
Mário Rui,5,DEF,NAP,https://img.uefa.com/imgml/TP/players/1/2024/75x75/1907928.jpg?v=4.07,13,0,1,3
S. De Vrij,5,DEF,INT,https://img.uefa.com/imgml/TP/players/1/2024/75x75/250006229.jpg?v=4.07,13,0,0,27
André Franco,5,MID,POR,https://img.uefa.com/imgml/TP/players/1/2024/75x75/250102294.jpg?v=4.07,12,0,1,5
K. Tierney,5,DEF,RSO,https://img.uefa.com/imgml/TP/players/1/2024/75x75/250067541.jpg?v=4.07,8,0,0,3
R. Guerreiro,5,DEF,BAY,https://img.uefa.com/imgml/TP/players/1/2024/75x75/250066156.jpg?v=4.07,8,0,0,4
Mauro Júnior,5,DEF,PSV,https://img.uefa.com/imgml/TP/players/1/2024/75x75/250122213.jpg?v=4.07,4,0,0,7
P. Gulácsi,5,GK,RBL,https://img.uefa.com/imgml/TP/players/1/2024/75x75/102420.jpg?v=4.07,3,0,0,0
A. Ramsdale,5,GK,ARS,https://img.uefa.com/imgml/TP/players/1/2024/75x75/250105912.jpg?v=4.07,3,0,0,0
I. Babadi,5,MID,PSV,https://img.uefa.com/imgml/TP/players/1/2024/75x75/250169763.jpg?v=4.07,1,0,0,2
G. Gaetano,5,MID,NAP,https://img.uefa.com/imgml/TP/players/1/2024/75x75/250101412.jpg?v=4.07,1,0,0,1
C. Sagoe Jr,5,FWD,ARS,https://img.uefa.com/imgml/TP/players/1/2024/75x75/250178066.jpg?v=4.07,0,0,0,0
E. Højlund,5,FWD,CPH,https://img.uefa.com/imgml/TP/players/1/2024/75x75/250166947.jpg?v=4.07,0,0,0,0
J. Uneken,5,FWD,PSV,https://img.uefa.com/imgml/TP/players/1/2024/75x75/250187770.jpg?v=4.07,0,0,0,0
Reinildo,5,DEF,ATM,https://img.uefa.com/imgml/TP/players/1/2024/75x75/250132831.jpg?v=4.07,0,0,0,0
M. Nassoh,5,MID,PSV,https://img.uefa.com/imgml/TP/players/1/2024/75x75/250148142.jpg?v=4.07,0,0,0,0
P. Kimpembe,5,DEF,PAR,https://img.uefa.com/imgml/TP/players/1/2024/75x75/250064583.jpg?v=4.07,0,0,0,0
K. Babacar,5,FWD,CPH,https://img.uefa.com/imgml/TP/players/1/2024/75x75/250011547.jpg?v=4.07,0,0,0,0
Á. Rodríguez,5,FWD,RMA,https://img.uefa.com/imgml/TP/players/1/2024/75x75/250169301.jpg?v=4.07,0,0,0,0
J. Simons,5,FWD,PSV,https://img.uefa.com/imgml/TP/players/1/2024/75x75/250187787.jpg?v=4.07,0,0,0,0
A. Raihani,5,FWD,ATM,https://img.uefa.com/imgml/TP/players/1/2024/75x75/250176607.jpg?v=4.07,0,0,0,0
T. Kaufmann,5,FWD,RBL,https://img.uefa.com/imgml/TP/players/1/2024/75x75/250164042.jpg?v=4.07,0,0,0,0
G. Veron,5,FWD,POR,https://gaming.uefa.com/en/uclfantasy/static-assets/ucl2020/images/default_player@2x.png?v=5.4,0,0,0,0
K. Navas,5,GK,PAR,https://img.uefa.com/imgml/TP/players/1/2024/75x75/250031037.jpg?v=4.07,0,0,0,0
J. Kwaaitaal,5,MID,PSV,https://img.uefa.com/imgml/TP/players/1/2024/75x75/250187772.jpg?v=4.07,0,0,0,0
J. Duranville,5,MID,DOR,https://img.uefa.com/imgml/TP/players/1/2024/75x75/250172227.jpg?v=4.07,0,0,0,0
S. Bamba,5,FWD,DOR,https://img.uefa.com/imgml/TP/players/1/2024/75x75/250134651.jpg?v=4.07,0,0,0,0
W. Orbán,5,DEF,RBL,https://img.uefa.com/imgml/TP/players/1/2024/75x75/250051754.jpg?v=4.07,0,0,0,0
J. Gonzaga,5,FWD,PSV,https://img.uefa.com/imgml/TP/players/1/2024/75x75/250174751.jpg?v=4.07,0,0,0,0
Paco Esteban,5,FWD,ATM,https://img.uefa.com/imgml/TP/players/1/2024/75x75/250171665.jpg?v=4.07,0,0,0,0
P. Marín,5,MID,RSO,https://img.uefa.com/imgml/TP/players/1/2024/75x75/250177917.jpg?v=4.07,0,0,0,0
J. Van Duiven,5,FWD,PSV,https://img.uefa.com/imgml/TP/players/1/2024/75x75/250171170.jpg?v=4.07,0,0,0,0
A. Alarcon,5,FWD,BAR,https://img.uefa.com/imgml/TP/players/1/2024/75x75/250129963.jpg?v=4.07,0,0,0,0
A. Muñoz,4.9,DEF,RSO,https://img.uefa.com/imgml/TP/players/1/2024/75x75/250147203.jpg?v=4.07,37,0,1,28
R. Lewis,4.9,DEF,MCI,https://img.uefa.com/imgml/TP/players/1/2024/75x75/250139207.jpg?v=4.07,27,0,2,19
A. Meret,4.9,GK,NAP,https://img.uefa.com/imgml/TP/players/1/2024/75x75/250066753.jpg?v=4.07,19,0,0,0
M. Akanji,4.9,DEF,MCI,https://img.uefa.com/imgml/TP/players/1/2024/75x75/250085369.jpg?v=4.07,17,1,0,17
A. Christensen,4.9,DEF,BAR,https://img.uefa.com/imgml/TP/players/1/2024/75x75/250041718.jpg?v=4.07,16,0,0,22
O. Romeu,4.9,MID,BAR,https://img.uefa.com/imgml/TP/players/1/2024/75x75/1906768.jpg?v=4.07,14,0,0,18
W. Benitez,4.9,GK,PSV,https://img.uefa.com/imgml/TP/players/1/2024/75x75/250101144.jpg?v=4.07,14,0,0,0
Kepa,4.9,GK,RMA,https://img.uefa.com/imgml/TP/players/1/2024/75x75/250039900.jpg?v=4.07,11,0,0,0
J. Cuadrado,4.9,DEF,INT,https://img.uefa.com/imgml/TP/players/1/2024/75x75/250015966.jpg?v=4.07,6,0,0,4
P. Aanholt,4.9,DEF,PSV,https://img.uefa.com/imgml/TP/players/1/2024/75x75/108915.jpg?v=4.07,4,0,0,4
Gonçalo Borges,4.9,FWD,POR,https://img.uefa.com/imgml/TP/players/1/2024/75x75/250113342.jpg?v=4.07,1,0,0,1
I. Zubeldia,4.8,DEF,RSO,https://img.uefa.com/imgml/TP/players/1/2024/75x75/250112514.jpg?v=4.07,36,0,0,37
Pepe,4.8,DEF,POR,https://img.uefa.com/imgml/TP/players/1/2024/75x75/95417.jpg?v=4.07,31,2,0,24
D. Raum,4.8,DEF,RBL,https://img.uefa.com/imgml/TP/players/1/2024/75x75/250110361.jpg?v=4.07,27,1,1,27
R. Riquelme,4.8,MID,ATM,https://img.uefa.com/imgml/TP/players/1/2024/75x75/250101313.jpg?v=4.07,13,0,0,9
S. Savić,4.8,DEF,ATM,https://img.uefa.com/imgml/TP/players/1/2024/75x75/1907998.jpg?v=4.07,12,0,0,16
N. Süle,4.8,DEF,DOR,https://img.uefa.com/imgml/TP/players/1/2024/75x75/250041781.jpg?v=4.07,12,0,0,8
M. Wolf,4.8,DEF,DOR,https://img.uefa.com/imgml/TP/players/1/2024/75x75/250088942.jpg?v=4.07,12,0,0,10
Francisco Conceição,4.8,FWD,POR,https://img.uefa.com/imgml/TP/players/1/2024/75x75/250117405.jpg?v=4.07,12,1,1,2
A. Haidara,4.8,MID,RBL,https://img.uefa.com/imgml/TP/players/1/2024/75x75/250102866.jpg?v=4.07,7,0,0,10
K. Asllani,4.8,MID,INT,https://img.uefa.com/imgml/TP/players/1/2024/75x75/250143669.jpg?v=4.07,6,0,0,7
M. Elneny,4.8,MID,ARS,https://img.uefa.com/imgml/TP/players/1/2024/75x75/250056993.jpg?v=4.07,3,0,0,1
Çağlar Söyüncü,4.8,DEF,ATM,https://img.uefa.com/imgml/TP/players/1/2024/75x75/250082679.jpg?v=4.07,1,0,0,3
M. Lazzari,4.7,DEF,LAZ,https://img.uefa.com/imgml/TP/players/1/2024/75x75/250122732.jpg?v=4.07,22,0,0,20
O. Boscagli,4.7,DEF,PSV,https://img.uefa.com/imgml/TP/players/1/2024/75x75/250068808.jpg?v=4.07,19,0,0,33
A. Lunin,4.7,GK,RMA,https://img.uefa.com/imgml/TP/players/1/2024/75x75/250089824.jpg?v=4.07,13,0,0,0
M. Olivera,4.7,DEF,NAP,https://img.uefa.com/imgml/TP/players/1/2024/75x75/250134196.jpg?v=4.07,7,0,0,12
C. Sørensen,4.7,DEF,CPH,https://img.uefa.com/imgml/TP/players/1/2024/75x75/250007241.jpg?v=4.07,2,0,0,2
J. Galán,4.7,DEF,ATM,https://img.uefa.com/imgml/TP/players/1/2024/75x75/250186923.jpg?v=4.07,1,0,0,3
H. Traoré,4.6,DEF,RSO,https://img.uefa.com/imgml/TP/players/1/2024/75x75/250123016.jpg?v=4.07,29,0,0,30
D. Vavro,4.6,DEF,CPH,https://img.uefa.com/imgml/TP/players/1/2024/75x75/250058731.jpg?v=4.07,29,0,0,48
F. Acerbi,4.6,DEF,INT,https://img.uefa.com/imgml/TP/players/1/2024/75x75/250052957.jpg?v=4.07,28,0,1,20
F. Lopez,4.6,MID,BAR,https://img.uefa.com/imgml/TP/players/1/2024/75x75/250164780.jpg?v=4.07,21,1,1,11
João Mário,4.6,DEF,POR,https://img.uefa.com/imgml/TP/players/1/2024/75x75/250113343.jpg?v=4.07,20,0,1,15
A. Barrenetxea,4.6,MID,RSO,https://img.uefa.com/imgml/TP/players/1/2024/75x75/250128806.jpg?v=4.07,20,1,1,6
J. Ryerson,4.6,DEF,DOR,https://img.uefa.com/imgml/TP/players/1/2024/75x75/250092517.jpg?v=4.07,20,0,0,22
S. Dest,4.6,DEF,PSV,https://img.uefa.com/imgml/TP/players/1/2024/75x75/250112998.jpg?v=4.07,19,0,1,22
K. Phillips,4.6,MID,MCI,https://img.uefa.com/imgml/TP/players/1/2024/75x75/250143242.jpg?v=4.07,10,1,0,6
M. Cho,4.6,FWD,RSO,https://img.uefa.com/imgml/TP/players/1/2024/75x75/250163235.jpg?v=4.07,5,0,0,1
C. Azpilicueta,4.6,DEF,ATM,https://img.uefa.com/imgml/TP/players/1/2024/75x75/103827.jpg?v=4.07,4,0,0,11
D. Namaso,4.6,FWD,POR,https://img.uefa.com/imgml/TP/players/1/2024/75x75/250104093.jpg?v=4.07,3,0,0,1
D. Cataldi,4.6,MID,LAZ,https://img.uefa.com/imgml/TP/players/1/2024/75x75/250039679.jpg?v=4.07,3,0,0,2
Natan,4.5,DEF,NAP,https://img.uefa.com/imgml/TP/players/1/2024/75x75/250187998.jpg?v=4.07,28,0,1,29
Y. Sommer,4.5,GK,INT,https://img.uefa.com/imgml/TP/players/1/2024/75x75/97746.jpg?v=4.07,26,0,0,0
K. Grabara,4.5,GK,CPH,https://img.uefa.com/imgml/TP/players/1/2024/75x75/250090273.jpg?v=4.07,22,0,0,0
R. Le Normand,4.5,DEF,RSO,https://img.uefa.com/imgml/TP/players/1/2024/75x75/250112513.jpg?v=4.07,22,0,0,23
Lucas Vázquez,4.5,DEF,RMA,https://img.uefa.com/imgml/TP/players/1/2024/75x75/250040521.jpg?v=4.07,19,0,1,13
Castello Lukeba,4.5,DEF,RBL,https://img.uefa.com/imgml/TP/players/1/2024/75x75/250124068.jpg?v=4.07,19,0,0,37
A. Varela,4.5,MID,POR,https://img.uefa.com/imgml/TP/players/1/2024/75x75/250188256.jpg?v=4.07,17,0,0,17
A. Romagnoli,4.5,DEF,LAZ,https://img.uefa.com/imgml/TP/players/1/2024/75x75/250047045.jpg?v=4.07,17,0,1,15
J. Blaswich,4.5,GK,RBL,https://img.uefa.com/imgml/TP/players/1/2024/75x75/250051291.jpg?v=4.07,14,0,1,0
E. Hysaj,4.5,DEF,LAZ,https://img.uefa.com/imgml/TP/players/1/2024/75x75/250023520.jpg?v=4.07,13,0,0,14
N. Aké,4.5,DEF,MCI,https://img.uefa.com/imgml/TP/players/1/2024/75x75/250027008.jpg?v=4.07,12,0,0,15
S. Ulreich,4.5,GK,BAY,https://img.uefa.com/imgml/TP/players/1/2024/75x75/1902445.jpg?v=4.07,7,0,0,0
A. Obispo,4.5,DEF,PSV,https://img.uefa.com/imgml/TP/players/1/2024/75x75/250088117.jpg?v=4.07,3,0,0,4
Cédric,4.5,DEF,ARS,https://img.uefa.com/imgml/TP/players/1/2024/75x75/1907940.jpg?v=4.07,2,0,0,2
J. Magunacelaya,4.5,MID,RSO,https://img.uefa.com/imgml/TP/players/1/2024/75x75/250163316.jpg?v=4.07,1,0,0,0
T. Abed,4.5,MID,PSV,https://img.uefa.com/imgml/TP/players/1/2024/75x75/250169135.jpg?v=4.07,0,0,0,0
S. Nhaga,4.5,DEF,PAR,https://gaming.uefa.com/en/uclfantasy/static-assets/ucl2020/images/default_player@2x.png?v=5.4,0,0,0,0
I. Grbić,4.5,GK,ATM,https://img.uefa.com/imgml/TP/players/1/2024/75x75/250056074.jpg?v=4.07,0,0,0,0
A. Dadie,4.5,MID,RSO,https://img.uefa.com/imgml/TP/players/1/2024/75x75/250163315.jpg?v=4.07,0,0,0,0
J. Castellanos,4.5,MID,ATM,https://img.uefa.com/imgml/TP/players/1/2024/75x75/250189145.jpg?v=4.07,0,0,0,0
T. Jørgensen,4.5,MID,CPH,https://img.uefa.com/imgml/TP/players/1/2024/75x75/250177683.jpg?v=4.07,0,0,0,0
I. Marcano,4.5,DEF,POR,https://img.uefa.com/imgml/TP/players/1/2024/75x75/250003525.jpg?v=4.07,0,0,0,0
T. Van Den Heuvel,4.5,MID,PSV,https://img.uefa.com/imgml/TP/players/1/2024/75x75/250171169.jpg?v=4.07,0,0,0,0
A. Kamara,4.5,MID,DOR,https://img.uefa.com/imgml/TP/players/1/2024/75x75/250135675.jpg?v=4.07,0,0,0,0
T. Land,4.5,MID,PSV,https://img.uefa.com/imgml/TP/players/1/2024/75x75/250180112.jpg?v=4.07,0,0,0,0
D. Frey,4.5,MID,ATM,https://img.uefa.com/imgml/TP/players/1/2024/75x75/250171921.jpg?v=4.07,0,0,0,0
Á. Calatrava,4.5,MID,ATM,https://img.uefa.com/imgml/TP/players/1/2024/75x75/250189153.jpg?v=4.07,0,0,0,0
J. Diaz,4.5,MID,ATM,https://img.uefa.com/imgml/TP/players/1/2024/75x75/250164593.jpg?v=4.07,0,0,0,0
S. El Jebari,4.5,MID,ATM,https://img.uefa.com/imgml/TP/players/1/2024/75x75/250154047.jpg?v=4.07,0,0,0,0
Emir Bars,4.5,MID,PSV,https://img.uefa.com/imgml/TP/players/1/2024/75x75/250166991.jpg?v=4.07,0,0,0,0
E. Mbappe,4.5,MID,PAR,https://img.uefa.com/imgml/TP/players/1/2024/75x75/250189110.jpg?v=4.07,0,0,0,0
E. Bitshiabu,4.5,DEF,RBL,https://img.uefa.com/imgml/TP/players/1/2024/75x75/250153851.jpg?v=4.07,0,0,0,0
D. Muñoz,4.5,MID,ATM,https://img.uefa.com/imgml/TP/players/1/2024/75x75/250164602.jpg?v=4.07,0,0,0,0
D. Peretz,4.5,GK,BAY,https://img.uefa.com/imgml/TP/players/1/2024/75x75/250105664.jpg?v=4.07,0,0,0,0
Simon Schierack,4.5,MID,RBL,https://img.uefa.com/imgml/TP/players/1/2024/75x75/250153443.jpg?v=4.07,0,0,0,0
D. Gilbert,4.5,MID,PSV,https://gaming.uefa.com/en/uclfantasy/static-assets/ucl2020/images/default_player@2x.png?v=5.4,0,0,0,0
S. Guerrero,4.5,MID,ATM,https://img.uefa.com/imgml/TP/players/1/2024/75x75/250189163.jpg?v=4.07,0,0,0,0
I. Houben,4.5,MID,PSV,https://img.uefa.com/imgml/TP/players/1/2024/75x75/250139065.jpg?v=4.07,0,0,0,0
A. Meyer,4.5,GK,DOR,https://gaming.uefa.com/en/uclfantasy/static-assets/ucl2020/images/default_player@2x.png?v=5.4,0,0,0,0
Bernardo Folha,4.5,MID,POR,https://img.uefa.com/imgml/TP/players/1/2024/75x75/250135929.jpg?v=4.07,0,0,0,0
J. Olasagasti,4.5,MID,RSO,https://img.uefa.com/imgml/TP/players/1/2024/75x75/250147530.jpg?v=4.07,0,0,0,0
S. Sambo,4.5,DEF,PSV,https://img.uefa.com/imgml/TP/players/1/2024/75x75/250106755.jpg?v=4.07,0,0,0,0
J. Gorrotxategi,4.5,MID,RSO,https://img.uefa.com/imgml/TP/players/1/2024/75x75/250177915.jpg?v=4.07,0,0,0,0
P. Gollini,4.5,GK,NAP,https://img.uefa.com/imgml/TP/players/1/2024/75x75/250058930.jpg?v=4.07,0,0,0,0
Gonzalo,4.5,FWD,RMA,https://img.uefa.com/imgml/TP/players/1/2024/75x75/250164226.jpg?v=4.07,0,0,0,0
C. Ndour,4.5,MID,PAR,https://img.uefa.com/imgml/TP/players/1/2024/75x75/250139232.jpg?v=4.07,0,0,0,0
W. Clem,4.5,MID,CPH,https://img.uefa.com/imgml/TP/players/1/2024/75x75/250169615.jpg?v=4.07,0,0,0,0
N. Sahsah,4.5,MID,CPH,https://img.uefa.com/imgml/TP/players/1/2024/75x75/250167071.jpg?v=4.07,0,0,0,0
Aitor Gismera,4.5,MID,ATM,https://img.uefa.com/imgml/TP/players/1/2024/75x75/250135497.jpg?v=4.07,0,0,0,0
A. Garrido,4.5,MID,BAR,https://img.uefa.com/imgml/TP/players/1/2024/75x75/250164776.jpg?v=4.07,0,0,0,0
W. Osawe,4.5,MID,RBL,https://img.uefa.com/imgml/TP/players/1/2024/75x75/250176270.jpg?v=4.07,0,0,0,0
A. Niño,4.5,MID,ATM,https://img.uefa.com/imgml/TP/players/1/2024/75x75/250154054.jpg?v=4.07,0,0,0,0
M. Tanlongo,4.5,MID,CPH,https://img.uefa.com/imgml/TP/players/1/2024/75x75/250182333.jpg?v=4.07,0,0,0,0
A. Lebarbier,4.5,MID,RSO,https://img.uefa.com/imgml/TP/players/1/2024/75x75/250187655.jpg?v=4.07,0,0,0,0
L. Johanns,4.5,MID,RBL,https://img.uefa.com/imgml/TP/players/1/2024/75x75/250176274.jpg?v=4.07,0,0,0,0
M. Lotka,4.5,GK,DOR,https://img.uefa.com/imgml/TP/players/1/2024/75x75/250109378.jpg?v=4.07,0,0,0,0
E. Jelert,4.4,DEF,CPH,https://img.uefa.com/imgml/TP/players/1/2024/75x75/250159445.jpg?v=4.07,21,0,0,29
A. Marušic,4.4,DEF,LAZ,https://img.uefa.com/imgml/TP/players/1/2024/75x75/250081989.jpg?v=4.07,15,0,0,21
L. Østigård,4.4,DEF,NAP,https://img.uefa.com/imgml/TP/players/1/2024/75x75/250091222.jpg?v=4.07,12,1,0,7
T. Tomiyasu,4.4,DEF,ARS,https://img.uefa.com/imgml/TP/players/1/2024/75x75/250177964.jpg?v=4.07,11,0,1,12
Zaidu,4.4,DEF,POR,https://img.uefa.com/imgml/TP/players/1/2024/75x75/250144327.jpg?v=4.07,11,0,0,13
N. Seiwald,4.4,MID,RBL,https://img.uefa.com/imgml/TP/players/1/2024/75x75/250114167.jpg?v=4.07,9,0,0,12
L. Klostermann,4.4,DEF,RBL,https://img.uefa.com/imgml/TP/players/1/2024/75x75/250058260.jpg?v=4.07,9,0,0,19
N. Paz,4.4,MID,RMA,https://img.uefa.com/imgml/TP/players/1/2024/75x75/250153621.jpg?v=4.07,9,1,0,3
N. Boilesen,4.4,DEF,CPH,https://img.uefa.com/imgml/TP/players/1/2024/75x75/1905874.jpg?v=4.07,8,0,0,3
Wendell,4.4,DEF,POR,https://img.uefa.com/imgml/TP/players/1/2024/75x75/250074376.jpg?v=4.07,6,0,0,8
Fábio Cardoso,4.4,DEF,POR,https://img.uefa.com/imgml/TP/players/1/2024/75x75/250054426.jpg?v=4.07,5,0,0,12
I. Jaime,4.4,MID,POR,https://img.uefa.com/imgml/TP/players/1/2024/75x75/250102736.jpg?v=4.07,5,0,0,3
Y. Bisseck,4.4,DEF,INT,https://img.uefa.com/imgml/TP/players/1/2024/75x75/250116951.jpg?v=4.07,5,0,1,5
B. Meling,4.4,DEF,CPH,https://img.uefa.com/imgml/TP/players/1/2024/75x75/250082812.jpg?v=4.07,4,0,1,5
S. Ortega,4.4,GK,MCI,https://img.uefa.com/imgml/TP/players/1/2024/75x75/250028705.jpg?v=4.07,3,0,0,0
A. Zanoli,4.4,DEF,NAP,https://img.uefa.com/imgml/TP/players/1/2024/75x75/250124296.jpg?v=4.07,1,0,0,0
M. Darmian,4.3,DEF,INT,https://img.uefa.com/imgml/TP/players/1/2024/75x75/103806.jpg?v=4.07,17,0,0,12
B. Henrichs,4.3,DEF,RBL,https://img.uefa.com/imgml/TP/players/1/2024/75x75/250058258.jpg?v=4.07,14,0,2,19
Fran García,4.3,DEF,RMA,https://img.uefa.com/imgml/TP/players/1/2024/75x75/250091175.jpg?v=4.07,12,0,1,16
Juan Jesus,4.3,DEF,NAP,https://img.uefa.com/imgml/TP/players/1/2024/75x75/250045594.jpg?v=4.07,11,0,0,14
A. Elustondo,4.3,DEF,RSO,https://img.uefa.com/imgml/TP/players/1/2024/75x75/250074621.jpg?v=4.07,6,0,0,12
Iñigo Martínez,4.3,DEF,BAR,https://img.uefa.com/imgml/TP/players/1/2024/75x75/250040471.jpg?v=4.07,5,0,0,5
N. Casale,4.3,DEF,LAZ,https://img.uefa.com/imgml/TP/players/1/2024/75x75/250138626.jpg?v=4.07,3,0,0,8
N. Rovella,4.3,MID,LAZ,https://img.uefa.com/imgml/TP/players/1/2024/75x75/250118783.jpg?v=4.07,3,0,0,6
V. Lund,4.3,DEF,CPH,https://img.uefa.com/imgml/TP/players/1/2024/75x75/250130224.jpg?v=4.07,1,0,0,1
A. Bella-Kotchap,4.3,DEF,PSV,https://img.uefa.com/imgml/TP/players/1/2024/75x75/250163289.jpg?v=4.07,1,0,0,3
J. Sánchez,4.2,DEF,POR,https://img.uefa.com/imgml/TP/players/1/2024/75x75/250090668.jpg?v=4.07,8,0,0,11
L. Pellegrini,4.2,DEF,LAZ,https://img.uefa.com/imgml/TP/players/1/2024/75x75/250088146.jpg?v=4.07,4,0,0,5
N. Mukiele,4.2,DEF,PAR,https://img.uefa.com/imgml/TP/players/1/2024/75x75/250121329.jpg?v=4.07,2,0,0,1
A. Remiro,4.1,GK,RSO,https://img.uefa.com/imgml/TP/players/1/2024/75x75/250066244.jpg?v=4.07,30,0,0,0
Patric,4.1,DEF,LAZ,https://img.uefa.com/imgml/TP/players/1/2024/75x75/250065837.jpg?v=4.07,22,0,0,27
Sergio Gómez,4.1,DEF,MCI,https://img.uefa.com/imgml/TP/players/1/2024/75x75/250101274.jpg?v=4.07,7,0,0,9
Nico González,4.1,MID,POR,https://img.uefa.com/imgml/TP/players/1/2024/75x75/250123952.jpg?v=4.07,4,0,0,2
O. Højlund,4.1,MID,CPH,https://img.uefa.com/imgml/TP/players/1/2024/75x75/250166946.jpg?v=4.07,4,0,0,1
P. Ankersen,4,DEF,CPH,https://img.uefa.com/imgml/TP/players/1/2024/75x75/250020385.jpg?v=4.07,19,0,0,31
David Carmo,4,DEF,POR,https://img.uefa.com/imgml/TP/players/1/2024/75x75/250117455.jpg?v=4.07,16,0,0,25
Mario Gila,4,DEF,LAZ,https://img.uefa.com/imgml/TP/players/1/2024/75x75/250125051.jpg?v=4.07,12,0,0,18
Iñaki Peña,4,GK,BAR,https://gaming.uefa.com/en/uclfantasy/static-assets/ucl2020/images/default_player@2x.png?v=5.4,4,0,0,0
F. Oppegård,4,DEF,PSV,https://img.uefa.com/imgml/TP/players/1/2024/75x75/250127024.jpg?v=4.07,1,0,0,0
T. Smolenaars,4,GK,PSV,https://img.uefa.com/imgml/TP/players/1/2024/75x75/250187771.jpg?v=4.07,0,0,0,0
R. Tytens,4,DEF,PSV,https://img.uefa.com/imgml/TP/players/1/2024/75x75/250182164.jpg?v=4.07,0,0,0,0
S. Esquivel,4,GK,ATM,https://img.uefa.com/imgml/TP/players/1/2024/75x75/250164595.jpg?v=4.07,0,0,0,0
J. Boñar,4,DEF,ATM,https://img.uefa.com/imgml/TP/players/1/2024/75x75/250154300.jpg?v=4.07,0,0,0,0
T. Schlieck,4,GK,RBL,https://img.uefa.com/imgml/TP/players/1/2024/75x75/250164038.jpg?v=4.07,0,0,0,0
J. Hillson,4,GK,ARS,https://img.uefa.com/imgml/TP/players/1/2024/75x75/250134303.jpg?v=4.07,0,0,0,0
J. Drommel,4,GK,PSV,https://img.uefa.com/imgml/TP/players/1/2024/75x75/250081931.jpg?v=4.07,0,0,0,0
Muhlis Dağaşan,4,DEF,PSV,https://img.uefa.com/imgml/TP/players/1/2024/75x75/250178661.jpg?v=4.07,0,0,0,0
Sergio Mestre,4,GK,ATM,https://img.uefa.com/imgml/TP/players/1/2024/75x75/250154301.jpg?v=4.07,0,0,0,0
Y. Gil Y Muinos,4,DEF,PSV,https://img.uefa.com/imgml/TP/players/1/2024/75x75/250187775.jpg?v=4.07,0,0,0,0
G. Ayesa,4,GK,RSO,https://img.uefa.com/imgml/TP/players/1/2024/75x75/250147522.jpg?v=4.07,0,0,0,0
E. Van De Blaak,4,DEF,PSV,https://img.uefa.com/imgml/TP/players/1/2024/75x75/250174752.jpg?v=4.07,0,0,0,0
R. El Meliani,4,DEF,PSV,https://img.uefa.com/imgml/TP/players/1/2024/75x75/250187776.jpg?v=4.07,0,0,0,0
A. Fraga,4,GK,RSO,https://img.uefa.com/imgml/TP/players/1/2024/75x75/250136441.jpg?v=4.07,0,0,0,0
F. González,4,GK,RMA,https://img.uefa.com/imgml/TP/players/1/2024/75x75/250176532.jpg?v=4.07,0,0,0,0
H. Idasiak,4,GK,NAP,https://img.uefa.com/imgml/TP/players/1/2024/75x75/250124307.jpg?v=4.07,0,0,0,0
Marvel,4,DEF,RMA,https://img.uefa.com/imgml/TP/players/1/2024/75x75/250164223.jpg?v=4.07,0,0,0,0
H. Blank,4,DEF,DOR,https://img.uefa.com/imgml/TP/players/1/2024/75x75/250154302.jpg?v=4.07,0,0,0,0
B. Waterman,4,GK,PSV,https://img.uefa.com/imgml/TP/players/1/2024/75x75/52563.jpg?v=4.07,0,0,0,0
E. Geerts,4,MID,PSV,https://img.uefa.com/imgml/TP/players/1/2024/75x75/250170822.jpg?v=4.07,0,0,0,0
T. Meyer,4,DEF,RBL,https://img.uefa.com/imgml/TP/players/1/2024/75x75/250153438.jpg?v=4.07,0,0,0,0
T. Buchmann,4,DEF,BAY,https://img.uefa.com/imgml/TP/players/1/2024/75x75/250153538.jpg?v=4.07,0,0,0,0
L. Hennig,4,DEF,RBL,https://img.uefa.com/imgml/TP/players/1/2024/75x75/250176276.jpg?v=4.07,0,0,0,0
R. Di Gennaro,4,GK,INT,https://img.uefa.com/imgml/TP/players/1/2024/75x75/250017814.jpg?v=4.07,0,0,0,0
Unai Marrero,4,GK,RSO,https://img.uefa.com/imgml/TP/players/1/2024/75x75/250154323.jpg?v=4.07,0,0,0,0
Alejandro Iturbe,4,DEF,ATM,https://img.uefa.com/imgml/TP/players/1/2024/75x75/250123714.jpg?v=4.07,0,0,0,0
R. Walters,4,DEF,ARS,https://img.uefa.com/imgml/TP/players/1/2024/75x75/250182972.jpg?v=4.07,0,0,0,0
D. Khocholava,4,DEF,CPH,https://img.uefa.com/imgml/TP/players/1/2024/75x75/250004261.jpg?v=4.07,0,0,0,0
J. Martín,4,DEF,RSO,https://img.uefa.com/imgml/TP/players/1/2024/75x75/250179704.jpg?v=4.07,0,0,0,0
L. Sepe,4,GK,LAZ,https://img.uefa.com/imgml/TP/players/1/2024/75x75/250002190.jpg?v=4.07,0,0,0,0
S. Ostrzinski,4,GK,DOR,https://img.uefa.com/imgml/TP/players/1/2024/75x75/250153408.jpg?v=4.07,0,0,0,0
M. Dams,4,DEF,PSV,https://img.uefa.com/imgml/TP/players/1/2024/75x75/250169764.jpg?v=4.07,0,0,0,0
J. Lannin-Sweet,4,DEF,ARS,https://img.uefa.com/imgml/TP/players/1/2024/75x75/250166953.jpg?v=4.07,0,0,0,0
A. Tenas,4,GK,PAR,https://img.uefa.com/imgml/TP/players/1/2024/75x75/250106979.jpg?v=4.07,0,0,0,0
A. Letellier,4,GK,PAR,https://img.uefa.com/imgml/TP/players/1/2024/75x75/250025058.jpg?v=4.07,0,0,0,0
W Kuhn,4,DEF,PSV,https://img.uefa.com/imgml/TP/players/1/2024/75x75/250180113.jpg?v=4.07,0,0,0,0
A. Papadopoulos,4,DEF,DOR,https://gaming.uefa.com/en/uclfantasy/static-assets/ucl2020/images/default_player@2x.png?v=5.4,0,0,0,0
N. Janssen,4,GK,PSV,https://img.uefa.com/imgml/TP/players/1/2024/75x75/250187773.jpg?v=4.07,0,0,0,0
K. Jansen,4,DEF,PSV,https://img.uefa.com/imgml/TP/players/1/2024/75x75/250169765.jpg?v=4.07,0,0,0,0
M. Ae,4,GK,RBL,https://img.uefa.com/imgml/TP/players/1/2024/75x75/250176269.jpg?v=4.07,0,0,0,0
Cláudio Ramos,4,GK,POR,https://img.uefa.com/imgml/TP/players/1/2024/75x75/1909059.jpg?v=4.07,0,0,0,0
R. Belid,4,DEF,ATM,https://img.uefa.com/imgml/TP/players/1/2024/75x75/250164587.jpg?v=4.07,0,0,0,0
U. González,4,DEF,RSO,https://img.uefa.com/imgml/TP/players/1/2024/75x75/250147526.jpg?v=4.07,0,0,0,0
D. Kochen,4,GK,BAR,https://img.uefa.com/imgml/TP/players/1/2024/75x75/250169576.jpg?v=4.07,0,0,0,0
R. Van De Riet,4,DEF,PSV,https://img.uefa.com/imgml/TP/players/1/2024/75x75/250180108.jpg?v=4.07,0,0,0,0
P. Cubarsí,4,DEF,BAR,https://img.uefa.com/imgml/TP/players/1/2024/75x75/250176453.jpg?v=4.07,0,0,0,0
B. Rovers,4,DEF,PSV,https://img.uefa.com/imgml/TP/players/1/2024/75x75/250171167.jpg?v=4.07,0,0,0,0
Antonio Gomis,4,GK,ATM,https://img.uefa.com/imgml/TP/players/1/2024/75x75/250135499.jpg?v=4.07,0,0,0,0
Rafel Obrador,4,DEF,RMA,https://img.uefa.com/imgml/TP/players/1/2024/75x75/250139254.jpg?v=4.07,0,0,0,0
V. Tobias,4,DEF,RMA,https://img.uefa.com/imgml/TP/players/1/2024/75x75/250176491.jpg?v=4.07,0,0,0,0
L. Cañizares,4,GK,RMA,https://img.uefa.com/imgml/TP/players/1/2024/75x75/250126910.jpg?v=4.07,0,0,0,0
N. Schiks,4,GK,PSV,https://img.uefa.com/imgml/TP/players/1/2024/75x75/250148144.jpg?v=4.07,0,0,0,0
Ander Astralaga,4,GK,BAR,https://img.uefa.com/imgml/TP/players/1/2024/75x75/250164626.jpg?v=4.07,0,0,0,0
L. D'Avino,4,DEF,NAP,https://img.uefa.com/imgml/TP/players/1/2024/75x75/250176642.jpg?v=4.07,0,0,0,0
A. Dithmer,4,GK,CPH,https://img.uefa.com/imgml/TP/players/1/2024/75x75/250175765.jpg?v=4.07,0,0,0,0
E. Astigarraga,4,DEF,RSO,https://img.uefa.com/imgml/TP/players/1/2024/75x75/250187305.jpg?v=4.07,0,0,0,0
L. Semic,4,DEF,DOR,https://img.uefa.com/imgml/TP/players/1/2024/75x75/250134648.jpg?v=4.07,0,0,0,0
Mario Martín,4,MID,RMA,https://img.uefa.com/imgml/TP/players/1/2024/75x75/250168870.jpg?v=4.07,0,0,0,0
Gonçalo Ribeiro,4,GK,POR,https://img.uefa.com/imgml/TP/players/1/2024/75x75/250169106.jpg?v=4.07,0,0,0,0
K. Peersman,4,GK,PSV,https://img.uefa.com/imgml/TP/players/1/2024/75x75/250148143.jpg?v=4.07,0,0,0,0
N. Contini,4,GK,NAP,https://img.uefa.com/imgml/TP/players/1/2024/75x75/250064393.jpg?v=4.07,0,0,0,0
T. Sander,4,GK,CPH,https://img.uefa.com/imgml/TP/players/1/2024/75x75/250167073.jpg?v=4.07,0,0,0,0
M. Jimenez,4,MID,PSV,https://img.uefa.com/imgml/TP/players/1/2024/75x75/250128443.jpg?v=4.07,0,0,0,0
J. Díaz,4,DEF,ATM,https://img.uefa.com/imgml/TP/players/1/2024/75x75/250171664.jpg?v=4.07,0,0,0,0
T. Köhler,4,DEF,RBL,https://img.uefa.com/imgml/TP/players/1/2024/75x75/250165759.jpg?v=4.07,0,0,0,0
S. Carson,4,GK,MCI,https://img.uefa.com/imgml/TP/players/1/2024/75x75/69178.jpg?v=4.07,0,0,0,0
Lino Sousa,4,GK,ARS,https://img.uefa.com/imgml/TP/players/1/2024/75x75/250182365.jpg?v=4.07,0,0,0,0
Alvaro Carrillo,4,DEF,RMA,https://img.uefa.com/imgml/TP/players/1/2024/75x75/250126911.jpg?v=4.07,0,0,0,0
D. Piñeiro,4,GK,RMA,https://img.uefa.com/imgml/TP/players/1/2024/75x75/250153622.jpg?v=4.07,0,0,0,0
C. Lenz,3.9,DEF,RBL,https://img.uefa.com/imgml/TP/players/1/2024/75x75/250055958.jpg?v=4.07,3,0,0,5
E. Audero,3.9,GK,INT,https://img.uefa.com/imgml/TP/players/1/2024/75x75/250058117.jpg?v=4.07,1,0,0,0
F. Krätzig,3.9,DEF,BAY,https://img.uefa.com/imgml/TP/players/1/2024/75x75/250153412.jpg?v=4.07,1,0,0,1
Á. Odriozola,3.8,DEF,RSO,https://img.uefa.com/imgml/TP/players/1/2024/75x75/250064469.jpg?v=4.07,9,0,0,5
J. Pacheco,3.8,DEF,RSO,https://img.uefa.com/imgml/TP/players/1/2024/75x75/250118766.jpg?v=4.07,3,0,0,3
M. Casado,3.8,DEF,BAR,https://img.uefa.com/imgml/TP/players/1/2024/75x75/250129965.jpg?v=4.07,2,0,0,2
B. Sarr,3.8,DEF,BAY,https://img.uefa.com/imgml/TP/players/1/2024/75x75/250086985.jpg?v=4.07,1,0,0,2
I. Kostis,3.8,DEF,ATM,https://img.uefa.com/imgml/TP/players/1/2024/75x75/250129831.jpg?v=4.07,1,0,0,0
